method,corruption_type,severity,duration,finger_group,num_instances,actuator_mae_mean,actuator_mae_median,actuator_mae_std,actuator_mae_p95,actuator_median_ae_mean,actuator_median_ae_median,actuator_median_ae_std,actuator_median_ae_p95,actuator_p95_ae_mean,actuator_p95_ae_median,actuator_p95_ae_std,actuator_p95_ae_p95,actuator_velocity_error_mean,actuator_velocity_error_median,actuator_velocity_error_std,actuator_velocity_error_p95,actuator_acceleration_error_mean,actuator_acceleration_error_median,actuator_acceleration_error_std,actuator_acceleration_error_p95,actuator_amplitude_retention_median_mean,actuator_amplitude_retention_median_median,actuator_amplitude_retention_median_std,actuator_amplitude_retention_median_p95,actuator_amplitude_within_0p9_1p1_mean,actuator_amplitude_within_0p9_1p1_median,actuator_amplitude_within_0p9_1p1_std,actuator_amplitude_within_0p9_1p1_p95,actuator_amplitude_below_0p8_mean,actuator_amplitude_below_0p8_median,actuator_amplitude_below_0p8_std,actuator_amplitude_below_0p8_p95
Corrected,dropout,short,3,index,49,0.0037828644283168325,0.002047301345076407,0.007392123805844767,0.007608077809383278,1.6330907460741625e-08,1.3660378272994933e-08,4.874422374750131e-09,2.7320756545989866e-08,0.007788037718815399,1.3155502213285653e-07,0.05395615303269587,2.2073780610254447e-07,0.0034675254721453583,0.0024619682896432327,0.003838833826672516,0.00813842234206214,0.0062329705195064596,0.004388844060500055,0.007508653220472039,0.015504471226102616,1.0000000307923544,1.0000000038956982,4.832330365458327e-08,1.0000001122464308,0.8756681243926143,0.875,0.09715928737463503,1.0,0.0,0.0,0.0,0.0
Corrected,dropout,short,3,middle,48,0.004103641074015099,0.0034885558278586444,0.0031272552667424474,0.010828642453564996,1.654692735192184e-08,1.3996289021864228e-08,5.950747849480315e-09,2.732075654113264e-08,1.5301760412182895e-07,1.4591051411272365e-07,3.418991634078392e-08,2.180561444273254e-07,0.004879372524257636,0.0038041837487774385,0.003466189992775497,0.01166079167217684,0.008559129935010118,0.007110934692683876,0.00620533397685715,0.020730723832063574,1.0000000673220337,1.000000018619943,1.164492708642459e-07,1.000000365226977,0.872039072039072,0.875,0.11650942445671518,1.0,0.0013020833333333333,0.0,0.008926633594272194,0.0
Corrected,dropout,short,3,thumb,49,0.0028745894706155442,0.0014780753136109832,0.005016612729693638,0.00604712772966527,1.8141937128035715e-08,1.3996289023815792e-08,6.611512919101764e-09,2.7723849446714683e-08,0.007243284436121126,1.399628902248873e-07,0.050181940620853745,2.3221760805727788e-07,0.0033718881192477796,0.0019228347932997382,0.005843387271426813,0.006403218766986025,0.005477785790072716,0.0029324870499708197,0.007312295783455754,0.011581546510679894,0.9999999984689287,1.0,6.036359292557146e-08,1.0000001032249077,0.9410714285714286,0.9375,0.0698080052456155,1.0,0.00510204081632653,0.0,0.021267005102720747,0.037499999999999645
Corrected,dropout,short,5,index,49,0.0073881376846782094,0.006333586189282713,0.007110767272760667,0.019309380381004475,1.797725173849865e-08,1.5172807815710954e-08,5.50081046457252e-09,2.7320756545989866e-08,0.00737742624071152,1.67955468310943e-07,0.04865910370693951,3.9861431139875554e-07,0.005426571662853581,0.004937312348711851,0.004102528201586921,0.014338130427408065,0.009011245544261718,0.008814917398511576,0.006970843925062693,0.02232578134915926,1.0000000678701617,1.0000000081570697,1.2688468833423327e-07,1.000000373990154,0.8368561710398444,0.8125,0.09146797316156807,1.0,0.0012755102040816326,0.0,0.00883699391616774,0.0
Corrected,dropout,short,5,middle,45,0.012367400588176265,0.009547030789651795,0.009801748916271346,0.02586654106326901,1.864301316738298e-08,1.5810622588929846e-08,7.321062752799633e-09,2.7589485140921965e-08,0.023145593321707597,3.058825350232837e-07,0.05192594987657872,0.1046035458391886,0.010333809536794194,0.008537880463149706,0.008344684818662093,0.030298502356778376,0.017164474125283432,0.012963418376494838,0.01326255347057147,0.048109248358114816,1.000000081325815,1.0000000315159943,1.9701735101146673e-07,1.0000003361643661,0.7772771672771673,0.75,0.11879628983413237,1.0,0.008333333333333333,0.0,0.028259708263021946,0.0625
Corrected,dropout,short,5,thumb,49,0.00525094192958149,0.003870024920902146,0.0041288226255863725,0.010998961079600586,1.7412873723738862e-08,1.3996289016660057e-08,6.012785739411976e-09,2.732075654460209e-08,0.0011483502870135698,1.6795546825543184e-07,0.007954809579495228,2.764267082233646e-07,0.004127223992451392,0.0030067062883967293,0.0027810665652427827,0.008783025452852443,0.0068700637432910685,0.004800607630474849,0.004770547738157222,0.015188486503658288,1.0000000286087345,1.0,7.282537979013902e-08,1.0000001246838874,0.9000102788368095,0.875,0.07569321649351707,1.0,0.010386297376093295,0.0,0.023543233063173786,0.0625
Corrected,gaussian,medium,0,all,46,0.09180703435323849,0.09182899516445314,0.007925226422754447,0.1034808930214786,0.06143646230638804,0.062051597904471,0.008431261295604623,0.07573272064673277,0.285780168751019,0.2863018577535126,0.024605505235993894,0.32239507447612537,0.11525485105702189,0.1140083931441174,0.009242336523484149,0.1332453498934191,0.19974325631169582,0.19721721681037008,0.016968868405379107,0.23073602703122023,1.6568835128527248,1.4545661804638885,0.7489008421094714,2.6757679803172474,0.21264532568880393,0.15625,0.20244113480180956,0.625,0.004076086956521739,0.0,0.01543181615706596,0.046875
Corrected,gaussian,mild,0,all,45,0.028169505409036125,0.028223210824159344,0.002780519619788392,0.03183729305628918,0.017986059124695114,0.018008733022653187,0.0024929488370430066,0.02167940112634905,0.09146920400329564,0.09067650877575999,0.010133661068212845,0.10756857189404063,0.03966897246215618,0.03946034521726393,0.0041893665023905406,0.04639464176676974,0.06874280090940676,0.06795189591625159,0.007735897268721133,0.08091891198789589,1.162745567534037,1.1084191787678657,0.17735504427285623,1.532814573215194,0.48654965404965406,0.5,0.23791821793514156,0.875,0.002777777777777778,0.0,0.012880025688188478,0.0
Corrected,gaussian,severe,0,all,47,0.1828035218951943,0.18304131286005068,0.016718258281541106,0.21309508045779146,0.13302966834388416,0.13079660522460565,0.01711220797339924,0.15960880065397784,0.5368118515428434,0.5357144790630212,0.03839932170533399,0.595806645256814,0.19941651456416234,0.19738427904930503,0.01747269173934223,0.2243217633938808,0.3439057965920904,0.3429107179560125,0.03276486764707175,0.388116637947341,2.1952293476207374,1.9695965078196835,0.951351443375593,3.5148043748437954,0.10656028368794325,0.0625,0.13137059550566443,0.3125,0.005319148936170213,0.0,0.01743999607527128,0.0625
Corrected,spike,fixed,1,mixed,47,0.00287116269848062,0.0026058457265198103,0.0016550516671362126,0.005832729463396658,1.6825480559113863e-08,1.3660378272994933e-08,6.2091705013185335e-09,2.7320756545989866e-08,1.3205616727494083e-07,1.2767077778308433e-07,2.736183201012757e-08,1.7366631199951238e-07,0.005913300026262474,0.005420137623236326,0.003437876442903408,0.012063002060998803,0.012029617230210971,0.01055658763360673,0.007113674884809327,0.024978335373644852,1.000000054567596,1.0,1.8078788238509872e-07,1.0000002005144286,0.8365754812563324,0.8125,0.0859134176968694,0.9812499999999997,0.0,0.0,0.0,0.0
Corrected,spike,fixed,2,mixed,48,0.006234201081727823,0.006145010515413525,0.0037115897573370463,0.012075704903839234,1.7498516557810538e-08,1.4112924723178391e-08,6.435237675936784e-09,2.7320756545989866e-08,1.3973270307828835e-07,1.3996289022211172e-07,4.354179694084934e-08,1.8721293853253545e-07,0.006894322789690925,0.006888503003254001,0.0039024329658480347,0.013177127971888485,0.013357550594775053,0.013732615295399068,0.00780924138740237,0.025672462172010496,1.0000000780396352,1.0000000366343487,1.0875628067165505e-07,1.0000003147502377,0.8033606150793652,0.8125,0.09366937903963497,1.0,0.0,0.0,0.0,0.0
Corrected,spike,fixed,3,mixed,49,0.008906557536896821,0.008818267567373623,0.0046255682158037265,0.017525430292535865,1.7035806185622144e-08,1.3996289016660057e-08,6.1170948490708395e-09,2.7320756545989866e-08,0.0004270992952859746,1.427483630078719e-07,0.0029579952784445857,2.2394062437758322e-07,0.007059083491258375,0.006838288326226311,0.003402304983402247,0.01291927613142662,0.013360115669170908,0.012854057974485258,0.006581617643696646,0.025985896802595845,1.000000059461293,1.000000023053826,1.167214758453369e-07,1.0000002797644607,0.8214874411302983,0.8125,0.08938668593841693,0.9749999999999996,0.0,0.0,0.0,0.0
Fixed OA,dropout,short,3,index,49,0.002880201068793337,0.0015517597918232751,0.004770994813253812,0.006284924536064648,3.1159870359217264e-08,6.9981445152689226e-09,8.949642396989835e-08,6.438292949745286e-08,0.008623623044960473,0.0020165742061124176,0.03633407269828541,0.011512197448812309,0.002291331268006672,0.0013656322387115187,0.0027399376073117556,0.005332323669324005,0.0026588612031495508,0.0020387947832719755,0.0031105477287452464,0.006201336962547829,1.0002456262110218,1.0,0.0016567236258226614,1.0000197053097013,0.8751986508889271,0.8823529411764706,0.10641335818316779,1.0,0.0012004801920768306,0.0,0.008317170744628462,0.0
Fixed OA,dropout,short,3,middle,48,0.003180979099990293,0.0026851635930127105,0.002501247030857436,0.009064359304640127,3.276938980475812e-08,1.0329261394131928e-08,5.4395595760369876e-08,1.7101798468754921e-07,0.007397625333408569,0.0052422596389048405,0.008195188331150013,0.02062488639538333,0.0030063565442852006,0.0022773727793317317,0.002255919556139368,0.008009314337897725,0.00363960855621907,0.0029253176174334618,0.00262455257928275,0.009005831515970989,1.0007420054771987,1.0,0.0038894573741791003,1.000293876326992,0.8712326276664513,0.8823529411764706,0.11606098997524833,1.0,0.0012254901960784314,0.0,0.008401537500491475,0.0
Fixed OA,dropout,short,3,thumb,49,0.0024096978264870872,0.0011900770712484697,0.004385578393984002,0.0055169491308125485,1.5345379414376702e-06,6.998144508330029e-09,1.0503640654539114e-05,5.6075029952751265e-08,0.007596562617470686,0.0011825618714390584,0.03513543683925073,0.009839467303884002,0.0022063773110710195,0.0011096306725350287,0.003872439365212331,0.004579059335283145,0.0025337489398335384,0.0014068843847636833,0.004064108954438542,0.005132881748172625,1.000018064457782,1.0,0.0001222832652323071,1.0000014665097863,0.9475890356142457,0.9411764705882353,0.059796507220079446,1.0,0.0036014405762304917,0.0,0.01844212664554288,0.0
Fixed OA,dropout,short,5,index,49,0.0055833778070535686,0.004560275250725836,0.005137656689983632,0.014370127959465842,1.996885772481297e-07,1.976327834718461e-08,8.841605529521422e-07,4.435448863637771e-07,0.016369118599665944,0.00916804013545528,0.029747710637880086,0.05093958314029131,0.0036681757967547907,0.0032388535399954085,0.0029228428130259818,0.009937052367512104,0.004045129019685145,0.0037874479841104756,0.003185988267916967,0.011448419719247538,1.001500073767552,1.0,0.0072398456251986315,1.007079450987375,0.8259153494897793,0.8,0.10931284650894417,1.0,0.004331277965731747,0.0,0.017327388930545338,0.03529411764705849
Fixed OA,dropout,short,5,middle,45,0.009616445970959196,0.007913522461973013,0.007958296746144698,0.019651000148193303,6.883881924649403e-05,2.7992578033320115e-08,0.0003819308662263677,7.054129668601635e-07,0.04409380702462606,0.034820634816863434,0.03960145090875275,0.10974621656270529,0.006761608815483338,0.005942152624090686,0.00507419963944958,0.017969689875956124,0.007566789124747838,0.006622029631009298,0.0056716102968365064,0.02233126845673334,1.0045468445470338,1.0000000441860675,0.0240976335641792,1.0108745635143326,0.7671058081352199,0.7647058823529411,0.13761090071005855,1.0,0.011002178649237472,0.0,0.034448158007506974,0.07843137254901954
Fixed OA,dropout,short,5,thumb,49,0.004265161243165961,0.003337165869318038,0.0033955735281220195,0.009531636491611751,4.3090723379371875e-08,1.6221699206120377e-08,5.6393201372660287e-08,1.48130274826852e-07,0.008966360108239278,0.0065156328440223454,0.00885836689970865,0.02338370770602173,0.002798829104448127,0.0020418334195741036,0.001957536300980715,0.005925542578696041,0.003129847385499605,0.002219428771640058,0.002169947860070599,0.006761152478001461,1.0000008763829014,1.0,4.372574307381394e-06,1.0000021609719916,0.8806498423545241,0.8823529411764706,0.09062138979241677,1.0,0.010764305722288913,0.0,0.02991334992329589,0.058823529411764705
Fixed OA,gaussian,medium,0,all,46,0.053182510341675676,0.053701221191158166,0.0055383880592524805,0.06168499957731205,0.03827826493899934,0.03786370006866367,0.005773107420817426,0.04676425490102303,0.1541723774467777,0.15517582021432016,0.013573851213392597,0.17314863573610567,0.04416501271080877,0.04324916667532299,0.0034737689001055963,0.050977769065012536,0.06457422770050403,0.06359127983146659,0.0048914630069657175,0.07356615094431243,1.410643223964115,1.3223243664604913,0.36222795074510433,2.056934655158357,0.264334956390583,0.23529411764705882,0.17872607299356108,0.5735294117647058,0.011588874680306904,0.0,0.029210945163217674,0.06158088235294118
Fixed OA,gaussian,mild,0,all,45,0.015344591908029503,0.015289914223403105,0.001656198266665791,0.017844517366143568,0.010435525461700287,0.010461349906286388,0.0013160930605359735,0.01243359755862774,0.04707052695963119,0.04675605052576352,0.006034017651844919,0.05585183967412294,0.015090609254642609,0.015180972426585792,0.001526481600720717,0.017390647676851046,0.022254129523385718,0.022381612953103484,0.0023050575465269557,0.025718079190261228,1.089462705419518,1.0531653838492399,0.11283041377101224,1.2881432382843545,0.5839006200770908,0.5882352941176471,0.21099686946184604,0.9411764705882353,0.002696078431372549,0.0,0.012507206688404977,0.0
Fixed OA,gaussian,severe,0,all,47,0.11089839816494078,0.10945679502690224,0.011439054894057402,0.133004559387767,0.08512808709479,0.08377509043365741,0.012907896947462428,0.10863642424500264,0.3053999353169158,0.30690835971750446,0.024266403311682064,0.33896785885389163,0.07764678358461534,0.07790963079258703,0.00571225877287671,0.086271200747389,0.11267834173939265,0.1122861061974516,0.008998489858704746,0.12467331259564658,1.87503571874616,1.6386239044099897,0.65689317720657,3.2599097253234035,0.13688224062128945,0.11764705882352941,0.10055206805942336,0.29411764705882354,0.013923654568210262,0.0,0.02519817840215166,0.058823529411764705
Fixed OA,spike,fixed,1,mixed,47,0.0024848780891963507,0.0021855016568485654,0.0013818729998666237,0.005244693404380454,1.1351566922188143e-08,0.0,3.1782175102771115e-08,5.1786269369968825e-08,0.0026627558274843425,0.0013911952320432267,0.0031001019689806337,0.009825815402645863,0.002868408489631884,0.002394029577303593,0.0015884633064018271,0.005991654410540707,0.0041641757234588675,0.003503434052682678,0.0022777560663900915,0.008691462201168003,1.0000002857128216,1.0,7.657355110283928e-07,1.000001689991991,0.8691675606412775,0.8823529411764706,0.09794032567630748,1.0,0.0,0.0,0.0,0.0
Fixed OA,spike,fixed,2,mixed,48,0.005153911536467729,0.0050640357260446295,0.0029802126860132287,0.009884902243591731,8.992697833349467e-09,0.0,1.6162989708443544e-08,4.640569749962686e-08,0.007321224441467909,0.005610692047287068,0.007947403574162253,0.019046227074541663,0.004957225008663835,0.004862541201488933,0.002816410686474072,0.00950273136250202,0.005872234337016891,0.005951123883180922,0.0033568364670877476,0.011458957550080617,1.0003967814192347,1.0,0.002125528975650804,1.0000109911658568,0.789031750520721,0.8117647058823529,0.11651929198634284,0.9794117647058823,0.001488095238095238,0.0,0.010201866964882508,0.0
Fixed OA,spike,fixed,3,mixed,49,0.007182069152217205,0.007135140389889254,0.00365875614692024,0.013854230643268508,1.3349362662195428e-08,0.0,3.1788459835761034e-08,5.344832876008617e-08,0.015448142597984002,0.009486631720692612,0.019376469816986507,0.04787715629179442,0.005291477264157508,0.005129558290559021,0.0026750680736917806,0.010285223108744763,0.006151540423540206,0.006070714815791599,0.0030633418460593504,0.01204195624990599,1.0001552809835543,1.0,0.0009357097955366428,1.0000294148644575,0.8097366069304844,0.8235294117647058,0.10390363082954819,1.0,0.0,0.0,0.0,0.0
