sequence_index,num_frames,mean_velocity_deg,max_velocity_deg,mean_acceleration_deg,max_acceleration_deg
0,34,10.629029400667466,37.44684483840311,16.50527572631836,41.20233917236328
1,35,6.232317827214129,47.09810576957803,9.812774658203125,42.381553649902344
2,39,28.007701787283395,69.9732268665421,44.75315475463867,134.96742248535156
3,37,27.07098807928238,93.98266414662461,42.39359664916992,160.7494354248047
4,136,30.261587245998463,135.00417031913364,49.59145736694336,214.4374237060547
5,32,20.772695191743512,144.2152316420649,32.09236526489258,228.00660705566406
6,35,9.110349501898032,40.434182104555724,15.02902603149414,43.01332473754883
7,40,29.75670126914795,125.20408001564523,42.28029251098633,223.4505615234375
8,88,36.97432718741161,138.77238041852158,56.687828063964844,237.5894317626953
9,42,22.671352560496462,56.065963801410966,36.672096252441406,105.44144439697266
10,35,8.524085736544476,34.573205634280605,13.236124992370605,43.4196891784668
11,129,21.47906913122622,142.26923116816343,31.655601501464844,152.5659942626953
12,25,36.30960743831505,97.58031268187203,52.768489837646484,145.05136108398438
13,46,17.961921673023877,64.99094492524625,29.91236114501953,74.54729461669922
14,39,14.431942386951745,70.3739667314091,22.918407440185547,121.14352416992188
15,108,14.801452880807316,72.51395026872781,21.338655471801758,133.19638061523438
16,38,35.60682853473666,128.75003306876508,56.88737106323242,222.51763916015625
17,31,56.314713295838494,209.56694634803665,86.3046875,352.30072021484375
18,26,28.39561899856807,164.43529501345478,44.46348190307617,211.87503051757812
19,36,15.941007478215342,48.45465338915923,23.00259017944336,52.89530563354492
20,38,5.172372145668257,10.628713984424184,7.602336406707764,16.93048095703125
21,35,10.688546621916812,25.741417160351048,15.246465682983398,26.578752517700195
22,33,23.093965885271277,53.65775018377599,34.47844696044922,74.20361328125
23,34,38.511457046700606,193.66480702009724,63.487525939941406,248.1583709716797
24,34,16.250710821670026,116.77323587097787,25.313655853271484,114.87308502197266
25,33,25.186911883836594,121.36903950320979,39.15082550048828,170.1658935546875
26,23,16.84416947844326,58.51479985277656,27.702253341674805,70.24380493164062
27,18,17.89280501596101,51.25777414282281,29.282764434814453,82.87864685058594
28,51,23.4461473441079,131.7671218050318,41.53347396850586,140.04010009765625
29,28,19.074140816585,45.317221780626916,28.77088165283203,60.7942008972168
30,88,8.16290289839078,55.69026679513522,12.94039249420166,74.42235565185547
31,27,6.956637226360968,27.510424076228105,11.076805114746094,34.24686813354492
32,47,16.875706861379452,93.71360124696429,25.2232666015625,119.28050994873047
33,104,37.54027917441747,128.67373747059995,56.30836486816406,140.6427459716797
34,42,9.123849314292109,25.846985958978536,13.668713569641113,46.761444091796875
35,63,15.036283215711137,175.99406176093026,24.475210189819336,219.9579620361328
36,36,21.030835060427922,75.33473822561746,31.599868774414062,95.45848846435547
37,29,23.357141920304166,169.98452818809278,37.64241409301758,233.81031799316406
38,44,13.259435656365289,76.80747583825523,22.521841049194336,141.63937377929688
39,30,16.65251192783699,79.1463352216374,28.377607345581055,126.36698913574219
40,25,13.949216023452541,38.44880242787464,22.69862174987793,66.6953353881836
41,28,14.473951803449772,38.454578178523995,20.94478416442871,52.00229263305664
42,50,70.2642695326522,224.80617117334205,113.84220123291016,324.5257873535156
43,42,33.80654274917125,150.89127376352263,53.664451599121094,284.9129943847656
44,39,30.925658574254996,83.48318019139666,47.532772064208984,137.0688934326172
45,19,6.336409045455663,16.717125766113632,9.876760482788086,26.24065399169922
46,32,24.82524317379131,168.86579688352617,39.85277557373047,197.3272705078125
47,35,31.478981350305247,147.62703826222292,49.026649475097656,238.50473022460938
48,32,18.49146705917691,64.13579044038278,31.11788558959961,123.90153503417969
49,31,9.69723667071373,20.246165378366523,13.986490249633789,26.256572723388672
50,33,12.904140236172537,29.65520221407419,17.94659423828125,37.93977737426758
51,51,15.108925739019524,93.73111640174892,22.369646072387695,125.73086547851562
52,35,15.109368970610948,42.13018025778502,20.2525577545166,42.32798385620117
53,36,13.805120721123735,47.08889256366974,22.628246307373047,59.622947692871094
54,47,37.40808484967567,140.24544208873365,62.43904113769531,247.261474609375
55,39,7.176851803823509,23.319568978844778,11.631386756896973,31.174091339111328
56,24,29.4487490146499,74.80755101756493,46.77534484863281,121.44597625732422
57,36,9.593403068088891,29.362059015419135,14.670023918151855,34.873573303222656
58,29,14.457940774248812,96.02849185893601,23.641361236572266,144.12632751464844
59,32,12.536932939962112,70.13625658568593,18.684711456298828,89.4719009399414
60,35,27.841125689535,68.52071293691807,44.2518424987793,113.69398498535156
61,27,15.983638068300639,61.52901005292534,25.870254516601562,65.40137481689453
62,23,16.234994074915452,93.97254654454348,25.254098892211914,141.962890625
63,46,7.369939916591836,29.45156542979962,11.609441757202148,42.28711700439453
64,29,7.4010742522283115,22.360117136226663,10.752655029296875,33.76300811767578
65,28,14.123248790249534,45.290462825258906,20.867393493652344,61.96448516845703
66,46,28.438754702241805,158.45768242089534,41.809696197509766,160.07228088378906
67,30,19.41424742088802,132.82735360141066,26.915912628173828,224.11830139160156
68,28,13.552316576058889,52.077778668832394,21.57430076599121,58.577823638916016
69,112,29.656073708166584,118.49236002189289,47.77956771850586,207.17288208007812
70,45,26.94857992580776,157.81835651599567,37.52076721191406,157.97586059570312
71,42,17.702246208045285,104.66460059556788,26.698816299438477,104.79862213134766
72,32,26.07091737343632,110.81603634929867,36.39899826049805,138.29159545898438
73,29,21.441812063955815,64.52308624716726,31.37409782409668,73.72520446777344
74,83,6.163891645321028,40.88547692167963,9.939892768859863,44.36029815673828
75,52,27.942056230417307,78.77786110058842,43.866859436035156,146.51039123535156
76,63,18.137875294657384,107.2922067143125,28.342552185058594,179.5850830078125
77,32,14.420483553476622,44.34957584948116,22.31491470336914,69.16741180419922
78,38,28.48911584377842,117.05943242876043,44.93598556518555,118.96504974365234
79,41,6.291755800877128,13.277323365721918,9.186738967895508,20.511816024780273
80,38,31.953361090450027,83.31623870013838,42.22148132324219,106.56449890136719
81,31,17.023600471616216,65.89665255004918,24.237485885620117,69.52210998535156
82,49,53.43918140993126,201.26924169743043,87.02499389648438,343.8374938964844
83,27,11.644542321452336,28.37672020951029,18.57224464416504,47.26647186279297
84,55,18.160258101422922,74.22334991341346,26.85264015197754,124.57250213623047
85,37,17.407274645082886,80.67681185879802,26.261703491210938,101.98226165771484
86,43,18.560198678216775,54.87813920015344,26.284997940063477,55.76502990722656
87,40,22.935928370990222,122.0316729505123,30.681114196777344,127.55730438232422
88,52,20.78632182538786,99.61922613586535,33.80073165893555,192.5832977294922
89,114,32.507512346327644,159.77710058723196,50.28324508666992,213.78367614746094
90,37,15.895210719856594,83.03472925098906,26.3100643157959,152.48097229003906
91,47,21.166356368289783,77.05586119209275,33.735328674316406,97.19837951660156
92,35,43.69069228817692,152.69587753082322,69.5411376953125,210.70468139648438
93,46,28.650980771275282,85.78446820169125,44.73058319091797,155.44210815429688
94,48,20.96026972875358,64.00930021992865,33.748870849609375,112.06977844238281
95,35,12.692296988081035,108.49567722046443,20.224924087524414,120.73017120361328
96,153,27.08666015900126,110.86814787595935,44.52519607543945,213.69284057617188
97,44,9.469236271056023,58.35920051226671,12.886927604675293,58.48815155029297
98,85,9.128234276374346,36.36130069100261,14.66689682006836,51.97669219970703
99,33,18.132508558991365,50.16578154297884,27.216083526611328,95.73682403564453
100,44,10.031949390236877,40.60387544270911,16.327499389648438,39.63522720336914
101,35,10.593922988274784,132.91186066135654,16.711042404174805,131.53671264648438
102,28,31.509930282471696,91.34402811892011,45.67840576171875,132.77955627441406
103,165,25.858523076175942,174.8907235135186,42.43840026855469,199.0489959716797
104,34,30.13631632724597,128.75755255187727,43.85881423950195,231.8555145263672
105,36,18.374403541709267,57.02329340719027,26.237567901611328,90.09569549560547
106,42,23.700871753672224,104.96185610708906,37.65802764892578,137.611083984375
107,35,12.88227120450409,32.19067028120972,19.23221206665039,40.898155212402344
108,33,4.952063514243495,11.425725164479577,7.56469202041626,14.72143268585205
109,24,40.951331190488425,196.75501023021067,66.5383529663086,287.3832092285156
110,24,8.896010643981498,24.13013016416378,13.271728515625,29.804529190063477
111,47,17.23120207569526,54.47552617477338,22.10773468017578,57.3326301574707
112,24,10.17695338450054,23.247192007524294,13.976806640625,27.55290412902832
113,42,35.55044326744724,137.89230173448715,52.29645919799805,150.5782012939453
114,38,27.473227429323675,87.5121926188753,46.313446044921875,137.39292907714844
115,27,25.869017406267137,172.22997385046008,42.20895004272461,167.9604034423828
116,40,16.512034846986317,37.79432578984641,24.533889770507812,53.911006927490234
117,33,19.136886326731442,99.39006046994649,30.832231521606445,149.55584716796875
118,30,36.15110609258574,135.74451608639544,55.7062873840332,217.95411682128906
119,41,18.51804024970067,74.55864984918864,26.51797866821289,87.44633483886719
120,121,16.24205590320854,110.59199829347901,24.38229751586914,193.95330810546875
121,31,20.09382511265346,108.49905481272773,29.918306350708008,101.20420837402344
122,46,24.795766296261586,145.49651839614742,35.746910095214844,136.18704223632812
123,38,12.344029291327223,60.12578456062617,17.52054786682129,58.35554122924805
124,119,24.112977513503385,87.50317714875563,39.47601318359375,170.2340545654297
125,34,20.496794541507704,114.1251693932023,30.629806518554688,128.4263458251953
126,48,13.752242448083829,105.96490139311908,17.53571128845215,111.64156341552734
127,43,21.245863587838535,68.57699120637007,31.762048721313477,95.72367095947266
128,43,32.163678537129016,99.60363412316424,54.22098922729492,189.3350372314453
129,40,17.490259749402664,40.32401973509969,24.69264793395996,57.328731536865234
130,36,16.69943815689969,60.31306511168807,26.8472843170166,99.38898468017578
131,38,27.173771114053295,129.23005545725925,47.84634017944336,137.6416473388672
132,112,32.26945169024277,134.05058856268303,53.14067459106445,191.67767333984375
133,38,46.23889034801931,130.5053158103338,74.22715759277344,172.8159942626953
134,30,18.839486003948938,52.853043077691076,29.7864933013916,88.57044219970703
135,39,12.857964599945408,53.56843525431907,21.21068000793457,104.15138244628906
136,42,17.201376205550254,53.43038275701532,25.595932006835938,65.9230728149414
137,36,15.07306273942969,61.341384914379944,22.290990829467773,79.36054229736328
138,53,13.507795305674655,46.56961642816415,19.3101863861084,83.19281768798828
139,118,19.64170894399043,92.72965736174396,28.409608840942383,94.9507064819336
140,50,12.710815888395414,52.0309084681979,17.901395797729492,57.633880615234375
141,22,7.920890205663082,27.4163612963043,12.19384765625,27.658517837524414
142,35,19.47189897743104,102.09378499566897,27.973369598388672,99.67599487304688
143,31,18.428388675233922,120.6086236827269,29.751123428344727,126.73042297363281
144,32,9.6154015631288,39.44322646015254,15.146801948547363,49.7635383605957
145,27,17.914549839815628,117.94579720373704,29.4717960357666,167.4815673828125
146,35,2.7417693400453724,10.727240131844416,4.0665283203125,13.203827857971191
147,46,12.649963011879395,49.45851285027688,18.879127502441406,60.0869255065918
148,25,9.494793452642654,27.566897752461887,14.332454681396484,40.85314178466797
149,40,17.60016907117746,56.51235497036458,27.269643783569336,77.73696899414062
150,28,13.395501397590326,77.39170546509035,20.93964958190918,76.34796142578125
151,21,9.67155101487295,40.72447490938666,15.853177070617676,43.545955657958984
152,28,23.243937198682087,87.96254289886849,33.6269645690918,92.52010345458984
153,52,26.92603231239986,122.33031127663621,41.27981948852539,124.57230377197266
154,53,15.442861387048541,40.82124883345872,20.52859115600586,49.58465576171875
155,32,26.000008217627084,71.70452550904825,37.17558288574219,108.50994873046875
156,33,20.624671900899912,91.87479158025512,31.973918914794922,125.75993347167969
157,125,19.99953260040597,99.3056209494313,31.258516311645508,142.19073486328125
158,56,15.780429337084957,54.98336133643697,23.00124168395996,75.87606811523438
159,40,8.063495068842903,18.30379018282149,12.006985664367676,29.77907371520996
160,41,37.32873267013663,114.70532260192483,59.7085075378418,178.91651916503906
161,18,20.408606572165617,100.16051015510473,30.411300659179688,103.25888061523438
162,49,20.888166744002685,73.39696552628992,32.27825164794922,93.90834045410156
163,40,26.55154501214486,144.85821616185302,45.38519287109375,226.4246368408203
164,29,18.12354647660293,106.14072992989917,25.501909255981445,78.00550079345703
165,35,17.031607306882247,84.95173084914298,25.613780975341797,82.6045913696289
166,38,21.655372149118136,133.50693538268771,31.92066764831543,167.4477996826172
167,52,39.45111998992435,139.40017700706153,57.542179107666016,205.11187744140625
168,48,18.151512630743007,89.30144945304087,29.26259422302246,107.8105239868164
169,43,22.733206178151356,71.82105473896168,33.47636032104492,91.59381866455078
170,32,11.427483372648501,45.1352212859948,16.327106475830078,46.51968002319336
171,37,16.83234793723578,43.58345499694006,25.719926834106445,81.24649047851562
172,43,23.736368472910637,84.63398190733103,36.252567291259766,146.05465698242188
173,34,18.091699414611224,70.17951315449262,29.32734489440918,99.68716430664062
174,26,35.69037513138877,158.86167516189292,56.32470703125,192.47921752929688
175,25,5.778627454721637,13.21733204330442,8.218615531921387,13.529129028320312
176,26,25.17411344682856,138.65274921231827,43.481014251708984,211.5169677734375
177,42,20.904089400341377,69.50294712608488,31.41951560974121,92.33361053466797
178,39,21.22552576474754,150.15227395341168,32.54502868652344,204.76797485351562
179,49,16.007390268337687,44.823651348643985,21.805471420288086,53.43746566772461
180,206,32.5062239608903,158.97923135216382,52.40189743041992,241.49273681640625
181,38,6.8956235072266585,19.478463003100064,10.580296516418457,18.349102020263672
182,25,12.362931990530448,44.383370544891875,19.95677947998047,45.06829833984375
183,34,15.588278619463026,59.76246286821188,23.080734252929688,101.42481231689453
184,67,14.459577104183731,122.94031639452847,23.721031188964844,191.85655212402344
185,34,14.653852791460977,59.26253733485274,21.49585723876953,70.02812194824219
186,107,21.696145509483454,252.67113285823953,34.854122161865234,257.608154296875
187,44,19.415485377934235,46.23009558126124,26.61260986328125,72.72235107421875
188,32,15.46546691381207,58.679782282613466,21.493610382080078,74.37908172607422
189,107,23.924940545592374,151.6363974165554,38.12192916870117,228.34690856933594
190,33,31.98611373955447,141.68106868657202,50.939476013183594,268.3650817871094
191,32,10.564483075305526,40.17860506671051,16.661550521850586,61.6391716003418
192,26,3.3909144805745712,5.683486206513625,5.335231781005859,9.027776718139648
193,36,27.39094096783546,116.40412714663213,40.95550537109375,155.2374725341797
194,35,31.14529046423225,146.71844463127664,51.31466293334961,170.3953399658203
195,36,32.68750849263431,149.17638167935172,49.98265838623047,239.88331604003906
196,29,16.086836089685445,59.00328602142757,23.519426345825195,112.3525619506836
197,38,11.595124008765314,39.690584527534966,16.680870056152344,51.22130584716797
198,35,17.004907526444896,83.95840538603701,25.073184967041016,107.6869125366211
199,111,22.455653949408173,85.53314579237536,32.55727005004883,85.72138214111328
200,23,5.466075812154612,19.643026030054134,8.382563591003418,19.64302635192871
201,45,7.543427538076435,19.021330574663164,10.31068229675293,20.197887420654297
202,27,25.731174455315323,62.87238605701136,41.794437408447266,108.70535278320312
203,35,3.5175065258271103,9.46807467763175,5.637415885925293,11.681719779968262
204,30,26.19650748515171,65.75906557534721,37.545021057128906,86.68499755859375
205,15,6.26989149987495,12.874922101728922,8.010087013244629,15.920917510986328
206,51,27.744726138885593,106.00058032904029,39.03983688354492,101.17967987060547
207,44,29.1471868581347,92.02701148900138,46.32966995239258,138.17088317871094
208,52,21.706839121447924,80.41727297083426,34.64023208618164,111.87864685058594
209,31,24.050808332990368,83.54985930692695,36.908424377441406,114.4099349975586
210,118,29.909579713626382,113.28794071771642,48.20138168334961,198.196044921875
211,39,17.831311365488705,47.33588259784359,27.25899887084961,78.35559844970703
212,35,12.513144166994017,48.41899794433086,20.192018508911133,58.65924835205078
213,50,19.685683504189853,107.11739958193257,28.168859481811523,124.32743835449219
214,38,12.867256995021807,48.74065255777976,17.65198516845703,43.3013801574707
215,43,14.94611904334218,32.065723338005306,21.530179977416992,50.747596740722656
216,35,24.27182266891901,67.35218875257685,33.127445220947266,98.91328430175781
217,20,17.534698204641934,32.226652562174515,29.126970291137695,56.192543029785156
218,39,28.169496081662828,129.64630074389322,44.67205047607422,239.02037048339844
219,45,60.509843266227655,269.7277443650221,100.13294982910156,529.6741943359375
220,36,20.76610527142238,48.56637623025751,35.25593948364258,85.26008605957031
221,31,8.836639494483192,27.570601507591764,12.172292709350586,32.8266716003418
222,34,32.16652322331042,115.96635415793043,50.42598342895508,176.05715942382812
223,34,20.994983250903594,103.78274025468957,37.08788299560547,160.3734893798828
224,29,7.7379030160841324,18.07853587879042,11.087664604187012,20.432451248168945
225,29,16.25564541646126,52.47419786394886,23.322053909301758,62.35002517700195
226,30,39.81913786851881,154.5596770981913,68.55448913574219,169.10806274414062
227,18,8.872703315645353,21.90077585692949,13.870586395263672,37.58222961425781
228,32,9.18460896822141,23.02996238279175,12.558941841125488,24.866500854492188
229,40,45.534465701536725,229.46216307811244,71.27303314208984,455.5946960449219
230,21,10.547266870319843,29.788222556533206,15.749926567077637,28.444555282592773
231,27,5.1230827913245,13.528530261638283,8.067024230957031,14.604804992675781
232,44,18.30880369341391,46.77338771607208,26.750131607055664,59.862918853759766
233,38,8.707893669934997,33.88739957962036,12.829691886901855,37.1722526550293
234,111,21.80501312395326,247.72766748221318,35.02544021606445,247.7276611328125
235,26,11.765677567118669,26.875834130468387,19.56202507019043,33.358001708984375
236,140,28.32318464357138,110.53965799155165,45.514095306396484,178.6537322998047
237,46,15.213658798270817,56.35881941649308,21.006736755371094,48.242279052734375
238,25,27.96764705978482,133.1329670368566,46.82355499267578,133.178955078125
239,35,31.971775651822167,97.76630197216576,50.9865837097168,123.54458618164062
240,29,15.215796690584295,110.18392314344298,25.11064910888672,123.22828674316406
241,43,16.846181202849564,155.027505010674,26.316837310791016,152.22767639160156
242,71,25.7077460270326,120.57410553055261,37.748565673828125,226.39268493652344
243,38,12.460702047727338,46.30316615820351,18.555397033691406,61.241790771484375
244,40,39.51462026730066,110.16650419453586,59.2960090637207,144.65074157714844
245,27,10.632640001917963,29.712206272676394,17.040685653686523,32.031864166259766
246,36,34.36165834035083,121.49875350623827,55.39198303222656,200.85147094726562
247,34,29.415792892012572,110.63448230149211,50.36479949951172,210.83340454101562
248,19,6.242735446023906,44.63016698429158,9.794604301452637,43.32154083251953
249,47,20.031671120558226,81.16415855193357,30.149688720703125,129.93612670898438
250,41,17.08761626885581,72.77250866757475,27.97019386291504,103.46513366699219
251,36,10.240096899056113,35.08419065406394,14.599876403808594,50.346927642822266
252,40,16.262467144270218,48.207421189116104,23.14095687866211,47.964622497558594
253,34,23.671459382409775,72.16297244781704,36.89971923828125,136.0678253173828
254,168,17.913023543088627,186.05413442503533,29.37822914123535,234.15757751464844
255,46,16.801255657896586,87.17942753381975,25.432214736938477,111.92731475830078
256,39,12.245278664081004,32.17350657711468,16.52235221862793,36.21491622924805
257,108,17.748432786259837,85.58413082509038,25.745098114013672,125.38329315185547
258,40,16.156595319916214,71.09290586535225,26.934146881103516,127.44141387939453
259,19,11.813927953339169,101.31032329838975,16.511520385742188,103.7647933959961
260,37,32.35693369327028,117.7628980070764,48.70594787597656,136.4167022705078
261,48,41.75656730269675,194.07149702510978,69.77599334716797,355.9309387207031
262,41,17.756822727704673,61.532376416872275,26.739164352416992,112.2782211303711
263,26,22.580570075818876,99.50925491463151,36.92967224121094,126.15576171875
264,27,14.179682009489918,29.72559348487379,22.1131649017334,51.76789474487305
265,35,13.410914120424124,93.8535338500927,21.053050994873047,91.08155822753906
266,44,13.22887831356972,34.53750442462071,18.352624893188477,46.03807830810547
267,35,21.267093770225717,38.1748146825592,27.418987274169922,50.7349967956543
268,33,46.512982499755225,156.05324238430708,75.21231842041016,209.53994750976562
269,32,26.526880459633873,112.96142946096315,37.893558502197266,145.13525390625
270,40,6.174454445785449,16.54596874678977,9.42394733428955,17.316129684448242
271,113,27.33192640512568,139.74125687688388,42.46371841430664,273.1885986328125
272,27,10.019019983302398,19.776941539565197,13.823103904724121,21.18210792541504
273,36,13.751895169836473,33.96142221432921,20.947208404541016,50.3868408203125
274,41,25.810513065123537,87.80638417718826,41.81865692138672,139.51974487304688
275,42,9.189725993601924,29.747644036227634,13.982935905456543,30.92620277404785
276,42,17.648142265317038,48.379880505876834,25.36327362060547,55.48238754272461
277,31,25.627154979361922,102.81127213683932,41.52730178833008,128.32533264160156
278,31,20.815733976088648,97.76872002635254,30.379655838012695,129.8538055419922
279,107,18.400560940850383,53.498300533944274,26.791587829589844,83.8540267944336
280,40,44.28633273337924,178.49213109337057,78.26742553710938,201.1591033935547
281,41,18.087888040946115,58.75209520670716,28.520404815673828,101.58259582519531
282,42,49.97543453585686,153.21888466773865,83.45594787597656,266.5177917480469
283,39,16.16908326798015,42.2995579264771,22.51545524597168,54.71372985839844
284,36,27.86231133993639,82.60964209587769,42.507896423339844,152.272216796875
285,43,28.540437248385974,101.88019205837637,48.1915397644043,116.96791076660156
286,31,17.069393300810848,105.24652970354823,27.48619270324707,112.67868041992188
287,53,14.506571697915449,77.55323331425731,21.326810836791992,139.52003479003906
288,31,12.2397549254487,35.85059066661543,17.619159698486328,44.550323486328125
289,25,39.408743268824416,123.45771144849375,62.87114715576172,160.78842163085938
290,35,15.846853419450852,67.64810736402369,24.49898910522461,111.82183837890625
291,34,9.561137037959902,56.271271647884504,13.223749160766602,76.4132308959961
292,34,59.07261205458339,211.91855590220382,103.42665100097656,391.84478759765625
293,41,15.14834228825742,40.66527194766524,20.818700790405273,46.62321853637695
294,32,18.278376293002275,58.46080659211884,29.972179412841797,109.01871490478516
295,16,9.913715619934418,26.111863782043347,17.727163314819336,36.24518585205078
296,35,17.598826608328785,64.1110630525942,21.878936767578125,70.95936584472656
297,72,9.865686861090968,49.58308696258312,15.818589210510254,88.05123138427734
298,41,22.368367865887635,133.73045526120987,34.85255813598633,147.7205047607422
299,8,23.26098387435982,68.01476005229753,32.43486022949219,78.69635772705078
300,42,33.9305118017259,205.87481426716815,54.3426628112793,315.85906982421875
301,51,29.434484246982834,115.26181667288692,46.70917892456055,137.6077117919922
302,82,25.89849486244983,212.8542608205038,39.543601989746094,201.0845184326172
303,19,27.470511054190176,109.4012982294874,41.48044967651367,137.7721405029297
304,34,14.920828944074707,60.7021382673448,24.798019409179688,72.38285827636719
305,118,32.001463398551714,119.61625260262728,51.72014236450195,175.5419464111328
306,30,25.3014278298477,83.3503911042721,40.03046798706055,84.0747299194336
307,48,15.329895249937561,39.688474838777225,23.084653854370117,54.15026092529297
308,35,27.588646471525404,143.85130545544314,44.60197448730469,264.1302490234375
309,29,35.93230607706814,133.30361904184863,58.400699615478516,254.79867553710938
310,60,25.105294359841576,107.46004489527124,36.62967300415039,136.68421936035156
311,38,29.196404247765763,161.06013267685069,42.92250061035156,187.25173950195312
312,44,41.98743542746515,161.45702789049687,62.377532958984375,196.6945343017578
313,52,17.297139996829625,60.38252949301549,24.99506378173828,73.98328399658203
314,36,11.24746912553922,30.499333143982522,15.893335342407227,44.92949295043945
315,13,24.965038041664503,80.4936031317541,39.593936920166016,97.76930236816406
316,27,13.921062416112456,178.71142457126456,24.051057815551758,178.58570861816406
317,52,14.610732352545782,56.804114735946456,20.133272171020508,90.75768280029297
318,36,16.208449859968336,71.22511103634471,22.740907669067383,65.83589172363281
319,41,7.040365799133814,61.97499034972985,10.702438354492188,56.22660446166992
320,28,9.773006384724424,30.757887975984477,14.25495719909668,29.105464935302734
321,35,12.073934582990608,46.89958789039123,14.913128852844238,55.19316101074219
322,50,26.52668811907156,68.96847391704446,39.46500778198242,94.706787109375
323,41,12.808448872193035,65.80750830474781,19.876602172851562,69.123046875
324,31,10.320205676316805,31.909745763666905,17.55918312072754,49.15104675292969
325,128,22.441485498536316,108.01389174944234,33.71257781982422,202.09982299804688
326,42,22.12319618126202,87.35908816215631,34.646995544433594,150.8499755859375
327,41,39.331942829814565,120.37702502219858,63.97235107421875,220.12338256835938
328,27,14.076661171657152,49.07015884629225,21.757719039916992,63.278228759765625
329,36,32.43117638536436,172.8233452385743,53.9564323425293,242.52732849121094
330,43,31.814695885633814,83.38670391185627,47.60306167602539,112.7546615600586
331,42,36.44407367300349,135.85379048939822,57.985443115234375,189.5841064453125
332,32,32.44287502762103,145.16606758685847,47.98236846923828,160.94302368164062
333,11,19.932296440560936,41.7961365334949,34.16862487792969,56.51191329956055
334,42,18.82280015584772,72.14132409106799,28.753332138061523,85.6065902709961
335,36,7.729330100856747,27.565743592063797,11.158045768737793,26.836875915527344
336,35,20.646720235997993,63.12856609538003,31.84105682373047,75.80406188964844
337,38,19.902523779388044,105.89316347658492,32.82087326049805,205.41758728027344
338,37,12.09313769833129,39.443806866642,18.62441062927246,51.83869552612305
339,36,28.525837549588406,113.16194102269134,41.6285285949707,174.89041137695312
340,42,9.589302957888767,35.63480258616571,13.989352226257324,45.885955810546875
341,23,10.127847190323891,31.199289216320707,16.61790657043457,42.30986785888672
342,32,16.37092903069436,61.15848374107082,21.961944580078125,65.11286163330078
343,106,35.060162492622034,143.50418018256457,54.14006805419922,250.6837615966797
344,20,21.455279247561982,96.87443932734834,36.61371994018555,96.76042938232422
345,39,15.787687872711741,64.67036579765495,20.95555877685547,69.73309326171875
346,34,25.28632942736737,57.275073861827934,38.62238311767578,93.91220092773438
347,45,29.7185677047878,90.89925285024613,41.79643249511719,136.84915161132812
348,49,21.526257105025394,111.17689831173705,32.94114303588867,157.7408905029297
349,117,28.278886061870974,141.22811994513884,44.81794357299805,218.5992889404297
350,29,23.455070465859944,68.46122556460567,34.97937774658203,75.16510009765625
351,56,15.240835303550522,53.4698666292627,25.702402114868164,84.86262512207031
352,77,12.993720917715798,70.83356596424726,19.67189598083496,98.33770751953125
353,44,15.945139889902793,120.14779497775764,25.82187271118164,135.02366638183594
354,228,19.768718789167778,133.8208049211394,30.704437255859375,184.18008422851562
355,40,51.41456766675154,144.3702926306502,84.53731536865234,172.8754425048828
356,45,26.306340603257492,93.5083150787298,41.19765853881836,94.74092102050781
357,59,7.066995749399647,30.126307828281618,9.927498817443848,35.9238166809082
358,32,16.57160287059503,48.57954029030566,25.10614585876465,93.78072357177734
359,52,29.55366206553435,95.74560660176594,49.275360107421875,164.15313720703125
360,53,13.357897942679777,67.0204918580433,20.456348419189453,120.0582504272461
361,33,11.82006894177788,32.28191468114024,19.094409942626953,52.131874084472656
362,41,59.317314163705895,193.97845897029413,95.56829071044922,260.33868408203125
363,43,19.352954538172213,132.32150051983143,31.940349578857422,212.11843872070312
364,31,10.655585221921019,35.01601766469777,17.833707809448242,67.8106460571289
365,48,16.813159447507918,93.29211878768022,23.14146614074707,93.51081848144531
366,35,10.262288249304625,40.02587709813358,15.849864959716797,57.970176696777344
367,33,35.978587005964215,116.07326086061838,54.86172866821289,163.3618621826172
368,43,20.378047147806694,79.76630108205286,32.179039001464844,104.81444549560547
369,6,10.961648877335737,17.89743920392652,11.735763549804688,15.185532569885254
370,38,14.452020845482746,76.27005584879213,20.04102325439453,80.3352279663086
371,39,18.756258930980124,61.26815201570965,28.711811065673828,81.08356475830078
372,34,15.258811379563655,51.32278475551213,21.813365936279297,55.13595962524414
373,160,20.330304235105892,100.36922891146911,31.82658576965332,116.37582397460938
374,43,37.957263344682346,174.0831424573437,61.28348922729492,263.98046875
375,27,28.889698535006026,97.94229468862093,47.588600158691406,174.63088989257812
376,40,16.94932276592826,41.60230288164828,24.445850372314453,58.804988861083984
377,33,20.34407359973309,154.95155437379088,33.12360382080078,146.14427185058594
378,32,27.243657552359316,74.70093861501856,41.76255798339844,115.61573791503906
379,43,12.29392998523736,57.36048175654382,18.067251205444336,62.301246643066406
380,49,11.085450834601462,27.665994376085358,16.980144500732422,38.25892639160156
381,42,24.723576833510933,66.40270039567174,36.312583923339844,93.1236572265625
382,32,10.91909733398187,63.96168056178928,18.12864112854004,72.34329223632812
383,43,10.022627871008938,28.80720854745427,14.736641883850098,33.22600555419922
384,33,32.991782378657796,129.9339696982066,54.924110412597656,203.2749481201172
385,33,8.34597739933203,32.07729022293532,12.065744400024414,37.19529342651367
386,161,14.589613390772007,103.58744103335154,21.2393741607666,167.60897827148438
387,46,14.784514724796818,47.457801971128575,21.827665328979492,68.2719955444336
388,35,27.572686077501043,132.43342890516527,40.710205078125,132.27601623535156
389,129,18.356295058140603,113.77379941063786,30.06724739074707,177.47959899902344
390,90,32.561861787046375,115.99657489385444,50.65604019165039,175.29534912109375
391,49,16.070375342362222,69.08966111748114,23.893484115600586,77.02904510498047
392,324,18.51015844034958,190.94900349225773,29.039432525634766,324.84332275390625
393,56,12.431433253552099,98.4789673516223,20.432682037353516,195.39390563964844
394,35,37.777908159879814,133.40380969432792,61.560184478759766,173.80886840820312
395,140,20.54343478108923,117.08302263003911,31.66961669921875,174.29014587402344
396,42,42.63375329183435,114.06172050619462,65.03504943847656,216.04940795898438
397,48,25.519849673245165,93.71107374999477,35.51393508911133,108.48200988769531
398,49,15.500026541403956,78.70932378722496,23.32426643371582,96.3062973022461
399,36,8.513444926027363,18.729883739604585,13.144203186035156,29.156469345092773
400,52,13.519478156514424,56.69073171301383,19.840255737304688,92.84627532958984
401,27,14.772511077088911,44.426632311029415,22.103717803955078,47.24519729614258
402,30,18.768011093702956,87.79634419855324,28.507986068725586,81.957763671875
403,5,50.905337339766156,135.78510993624045,87.70523834228516,123.75666046142578
404,46,30.715164653045722,132.129987411034,46.6224250793457,219.20338439941406
405,28,14.575679228366035,92.9595472893732,24.767690658569336,167.13790893554688
406,40,13.590726502413808,115.52062766242251,22.218994140625,143.10377502441406
407,37,17.138569695327494,47.55309440509602,23.571495056152344,54.948490142822266
408,29,12.983686095979783,40.06094025255642,18.403993606567383,51.29329299926758
409,48,8.430923254683254,26.494606160012165,12.475959777832031,29.77959632873535
410,39,18.892439335937002,100.16612284882768,30.3406982421875,176.4848175048828
411,34,19.33661068841162,61.41090571277847,29.394712448120117,82.41828918457031
412,49,32.84927416800362,118.44083958508415,47.8781852722168,191.88783264160156
413,46,13.796152993902849,87.70030266018186,19.290189743041992,93.91617584228516
414,133,16.051339982089118,82.07150880171439,24.167875289916992,156.2433319091797
415,30,34.934200792411055,148.8043789748086,56.55345916748047,162.54469299316406
416,54,8.781865877240826,38.040065405115804,13.341352462768555,45.68516159057617
417,37,40.728021947549315,153.15302380638127,68.07302856445312,300.34796142578125
418,27,15.828476115556953,33.423557586173025,21.49394989013672,53.76288604736328
419,7,38.54564138825812,123.64517835019682,53.581390380859375,123.12798309326172
420,49,12.263830536067081,31.844270463494823,17.478078842163086,55.156707763671875
421,34,25.444461424080068,52.166455243077685,38.203392028808594,83.59807586669922
422,30,57.79506623767216,169.5025814958053,98.56822204589844,289.3750915527344
423,37,15.914913609308476,54.827753184127,22.065109252929688,58.536415100097656
424,29,7.0500899464053575,18.454417929975897,8.893146514892578,14.970146179199219
425,33,10.521194014731801,49.409446816104456,15.698348045349121,51.55036926269531
426,28,25.02986782629755,72.44204669255748,39.47417449951172,105.57988739013672
427,39,31.47779574601236,147.2753354734867,51.5606575012207,270.69140625
428,35,17.500661276644493,76.15807556522579,22.766284942626953,62.142486572265625
429,40,10.580460355629475,54.260325163283994,15.258049964904785,45.029361724853516
430,60,12.755735955098025,39.569767883205465,20.094684600830078,44.59047317504883
431,31,22.842606561349196,59.493017832949675,32.82046890258789,67.64984893798828
432,38,18.189612650639347,68.25350039215195,25.18085289001465,101.1104736328125
433,29,14.265290935743417,72.03587725886466,20.28308868408203,63.00787353515625
434,52,7.5155454965359425,19.679594760786905,11.20798110961914,25.33851432800293
435,50,18.50091630426427,98.82367035197103,27.6361083984375,196.56214904785156
436,7,7.327323729236434,14.479895389246154,8.504383087158203,14.002156257629395
437,140,18.342050480405764,188.79127155798162,27.318971633911133,298.0094909667969
438,43,13.998811506637827,83.14691830779165,18.01365852355957,63.32600402832031
439,42,25.329442977939273,67.26943552841013,37.20677947998047,77.19477844238281
440,35,15.960319482190641,40.60445212549029,22.79900550842285,66.87049865722656
441,41,26.93435729300172,180.18381686758278,44.95564651489258,190.06956481933594
442,28,33.970070803624786,136.1921505851783,50.710426330566406,143.39797973632812
443,32,44.90627820430883,168.50508082962216,75.46255493164062,183.49267578125
444,39,23.21432474923115,53.04090395650832,33.92180633544922,81.27539825439453
445,39,32.12331348251149,178.9243806446394,54.01620864868164,232.51380920410156
446,58,8.231773079884567,34.155135895828415,12.677245140075684,54.59886932373047
447,48,7.460395927383716,22.979714657702367,11.669327735900879,25.94375228881836
448,142,27.687697968443583,127.04239054649298,42.0335693359375,163.56143188476562
449,23,9.306682995485476,40.28769237885622,14.212549209594727,47.75865173339844
450,25,3.3490748938394526,6.7087433904813025,5.28645658493042,8.888704299926758
451,42,14.809885273932988,37.69242831414056,22.528221130371094,62.722808837890625
452,44,12.185133494267408,126.90050265238543,20.024873733520508,134.93075561523438
453,68,15.971961702013568,47.87153422206035,23.153249740600586,54.80928039550781
454,142,22.154415336859838,189.15841697709072,35.121341705322266,208.18359375
455,40,21.553607893992364,91.65318848445295,32.97513961791992,137.16842651367188
456,45,25.785991872262397,70.26819389931767,39.287776947021484,96.98860931396484
457,56,15.882297720339464,99.74442811532283,25.80147361755371,112.97332763671875
458,41,34.43385376020931,156.44555229390255,57.72196578979492,301.4101867675781
459,37,33.50620764179618,76.27338560221303,49.18708419799805,99.43348693847656
460,44,18.874854080677483,93.61192471983382,30.73050880432129,90.31812286376953
461,42,27.066802787616137,177.27168899316814,40.79137420654297,180.36209106445312
462,37,20.018900143139117,68.430240457956,30.69507598876953,65.52931213378906
463,10,36.01948019903083,100.72532694238538,40.580963134765625,85.06033325195312
464,109,21.023033974216773,86.52665727211459,30.675935745239258,98.1072998046875
465,40,22.44570111682568,169.19964451606148,37.84064865112305,229.64857482910156
466,26,7.399358068106384,29.241550544822662,11.2982177734375,26.847108840942383
467,42,18.82183766585867,54.0209210840397,27.94991111755371,101.73675537109375
468,21,11.125314573532181,32.45110414921269,16.401718139648438,32.831119537353516
469,36,9.003090275873138,152.99836855830927,14.675883293151855,145.97470092773438
470,40,14.51290883521332,46.48318582304713,20.416048049926758,37.471641540527344
471,39,9.596708266611067,52.17824935923837,13.546146392822266,86.63388061523438
472,15,8.553584493419983,16.594540347165605,15.272343635559082,31.40056610107422
473,27,12.520711616628377,38.9207227254805,18.176807403564453,49.567779541015625
474,31,16.458517249738055,57.68401017254792,21.30278968811035,64.40254974365234
475,114,15.068568712597267,63.5267207295242,20.726110458374023,84.83817291259766
476,26,12.802304802022274,37.0208923257772,19.35051918029785,44.18444061279297
477,36,16.126307758762938,99.17557500269373,25.465940475463867,126.07910919189453
478,140,29.83268166151167,174.65560599865458,44.74794006347656,190.30670166015625
479,33,16.629331129534478,71.8546776473004,25.2358341217041,68.97552490234375
480,42,19.064361922294626,119.32151914157818,29.64009666442871,142.98526000976562
481,43,13.998564432612419,40.62504943358928,19.423002243041992,74.75383758544922
482,38,33.337657397914185,151.98288318826883,55.682064056396484,274.33319091796875
483,35,26.26089139080198,75.09537381802004,41.053775787353516,105.48089599609375
484,41,46.71984138865149,165.1663946569886,76.57850646972656,308.38714599609375
485,37,15.663702509872435,41.67225555387783,22.204721450805664,67.63835906982422
486,30,12.442427590847238,31.1193271797159,19.896875381469727,35.275794982910156
487,30,20.23243792373126,60.27758336465904,29.2563419342041,75.57237243652344
488,41,19.835956230215704,41.01950158590315,30.038818359375,56.77347946166992
489,32,12.76551272057814,49.55096759253455,19.759624481201172,63.26266098022461
490,44,10.85809690069196,35.90578429612477,16.677433013916016,50.75489044189453
491,35,21.488469589998488,49.99169903458182,32.34311294555664,77.35845184326172
492,37,14.534541862453965,41.44509154365369,19.41647720336914,39.93422317504883
493,37,27.112227042156217,70.30336877412589,41.95079803466797,122.82221221923828
494,127,17.646103398476203,147.32873868939495,28.088970184326172,144.98243713378906
495,34,16.001192808947614,55.50463744803902,26.131549835205078,102.96720886230469
496,32,22.027018317883517,128.686957708459,36.715110778808594,251.90150451660156
497,42,13.86806448773818,45.690839529244045,20.358219146728516,46.89008712768555
498,26,28.53049496818192,131.74208036711124,44.719730377197266,188.47169494628906
499,34,23.98407994261244,119.26543131322715,35.689208984375,121.34698486328125
500,33,18.186778412761534,61.08922886174067,24.351234436035156,58.33516311645508
501,45,28.116924001315468,309.4271728569518,43.786705017089844,355.0274353027344
502,44,31.485189527896225,136.8073987011428,51.05515670776367,229.65235900878906
503,37,14.356093960372565,38.1441197592626,21.322023391723633,52.0804328918457
504,51,8.674603082126122,31.383173963972975,12.481499671936035,41.84143829345703
505,40,22.157947354430505,58.110239650387506,33.43220901489258,87.20723724365234
506,103,27.282256576234445,162.6534089454315,43.73811340332031,277.3968811035156
507,35,15.625182125079458,130.18542672550518,24.76661491394043,130.1854248046875
508,46,37.91228265479291,125.26099476484526,62.720176696777344,223.83665466308594
509,28,5.666342491477877,16.772595641111998,8.891166687011719,25.86042594909668
510,32,16.052790667216858,73.31108720955365,22.343563079833984,82.45693969726562
511,38,18.60411288738165,71.08070119854175,26.847923278808594,123.21430206298828
512,42,32.039378869835005,130.8391866505005,46.758506774902344,147.61546325683594
513,43,16.901603689985272,76.6617093162597,27.303970336914062,149.09844970703125
514,156,31.254706064091888,116.97287788773764,50.44700241088867,194.0515594482422
515,31,13.316364256201041,32.78260142807473,19.028825759887695,34.31644058227539
516,45,23.1387366921364,92.89797203526338,35.33176040649414,119.76152801513672
517,32,47.802439961738436,163.67082447855952,74.7861099243164,234.3964385986328
518,28,18.941408488978944,55.026443566244325,28.28713035583496,75.01889038085938
519,40,26.519112754814923,103.51498249675079,36.63692092895508,98.08251953125
520,37,40.827181559030066,114.78599377064646,54.57021713256836,125.65078735351562
521,99,33.690533591185286,143.4076908582903,51.96109390258789,223.58738708496094
522,34,13.75325492283159,49.25441996024364,19.443946838378906,56.05230712890625
523,47,26.628634887830927,122.88814107110231,40.42801284790039,238.43807983398438
524,48,44.5842838659794,180.49458876244307,77.33502960205078,349.2262878417969
525,39,17.753951896053444,88.2422979264843,28.954547882080078,102.33238983154297
526,37,18.60058007422954,65.0307927326442,27.803163528442383,75.07664489746094
527,40,26.659812399621476,77.3744666502519,42.25425720214844,109.42405700683594
528,126,24.092946676953687,175.02214730068323,37.44694519042969,307.98272705078125
529,31,15.093064984555323,49.51232404693671,22.801958084106445,61.518218994140625
530,27,38.054506716337144,171.36820839321254,69.01478576660156,267.7412414550781
531,105,20.966982759015874,81.14065896015748,30.137556076049805,121.35014343261719
532,37,8.673094503566213,49.42375242020999,12.475415229797363,44.63120651245117
533,47,29.945044016076555,176.73410831497247,53.241764068603516,182.6768798828125
534,45,22.0506286167158,65.75441019601226,33.30202102661133,106.84403228759766
535,46,8.43617413272575,25.433783349759622,13.226195335388184,28.63343620300293
536,41,20.168682903267975,88.577063751605,29.628158569335938,82.4389419555664
537,37,7.2258153143160815,14.837633256655264,10.793434143066406,19.906471252441406
538,57,9.64564858675619,31.64669472201317,13.304885864257812,38.9632568359375
539,138,26.417485503704903,282.8278123051552,41.49653244018555,418.7283935546875
540,28,23.68261912504764,125.21820494437782,32.89096450805664,125.88993835449219
541,34,8.61616036430902,20.146201324265828,13.513945579528809,36.08858871459961
542,33,53.23703661370131,167.18016538256003,94.37786865234375,280.39111328125
543,35,9.980138116124326,55.832140645890945,15.532821655273438,53.31217575073242
544,32,9.139967438195795,35.80759053929978,13.135573387145996,57.18267822265625
545,29,14.406035740944162,48.047179780745495,20.12999725341797,43.07569885253906
546,26,12.948679518072861,30.912875835947165,18.3689022064209,48.95053482055664
547,43,30.485043325308215,120.28774954168915,43.57609558105469,219.44203186035156
548,38,14.907522653496455,42.95012875840433,20.695432662963867,52.0992546081543
549,23,7.777197110608291,23.631443821509862,12.405061721801758,25.401695251464844
550,32,12.741724404981085,62.79159563876491,21.266923904418945,108.20589447021484
551,37,4.784615564641142,11.166015940038223,7.571225643157959,16.275373458862305
552,42,19.089976851765254,114.27893269579117,33.709434509277344,226.58152770996094
553,42,18.529650826011213,85.18508625416855,30.09228515625,131.60386657714844
554,35,26.522690800475267,95.55300768462685,37.147605895996094,116.53330993652344
555,207,21.833754503170706,129.47336394366147,33.073917388916016,162.2233428955078
556,32,26.366264871343066,62.150943300494184,39.559146881103516,99.50489044189453
557,46,7.908002553272967,36.271528955893714,12.072301864624023,35.86501693725586
558,29,38.08706524190505,180.17038801982076,52.820892333984375,202.7222900390625
559,63,19.093061938264754,75.67703549850197,29.366313934326172,102.50858306884766
560,38,14.827729054593117,80.83325546279838,22.59510040283203,91.97416687011719
561,39,7.538686470322236,18.510168187229656,11.403650283813477,35.90129852294922
562,29,37.2953892627745,101.72930699229113,51.087833404541016,122.01240539550781
563,42,18.419589069241756,38.87077931441648,25.03951072692871,62.66254806518555
564,32,10.047702218900517,33.19653094362174,15.293500900268555,33.8712158203125
565,34,9.67821395779718,40.703174728966346,14.004289627075195,45.844486236572266
566,24,4.589204649720361,11.53061231491986,6.343591213226318,10.157599449157715
567,42,20.791727209496095,78.82984294298028,31.526012420654297,147.05039978027344
568,104,21.600508194000664,130.20170108376476,32.81024932861328,158.19198608398438
569,55,9.198937395562258,29.779860010371852,14.517529487609863,30.256404876708984
570,25,6.64397998421796,24.07845840163058,10.238683700561523,28.237539291381836
