repeat,shot,num_train,num_test,classifier,feature_set,accuracy,macro_f1,kappa
0,1,6,115,svm,raw,0.3565217391304348,0.2961668355285377,0.22290201808054055
0,1,6,115,knn,raw,0.3565217391304348,0.2961668355285377,0.22290201808054055
0,1,6,115,rf,raw,0.3217391304347826,0.2606613628626207,0.1815693430656934
0,1,6,115,mlp,raw,0.34782608695652173,0.2822590989257656,0.2122568271074985
0,1,6,115,svm,raw_pca11,0.5130434782608696,0.48995440697782117,0.41624365482233494
0,1,6,115,knn,raw_pca11,0.5130434782608696,0.48995440697782117,0.41624365482233494
0,1,6,115,rf,raw_pca11,0.5043478260869565,0.47508417508417505,0.40387413604947253
0,1,6,115,mlp,raw_pca11,0.43478260869565216,0.38233688158393603,0.32045454545454555
0,1,6,115,svm,raw_pca17,0.4782608695652174,0.4728917126604481,0.37505660719137757
0,1,6,115,knn,raw_pca17,0.4782608695652174,0.4728917126604481,0.37505660719137757
0,1,6,115,rf,raw_pca17,0.4608695652173913,0.4330278240670606,0.3492744364333302
0,1,6,115,mlp,raw_pca17,0.391304347826087,0.35629929066479216,0.2704368316113829
0,1,6,115,svm,joint_angle,0.6521739130434783,0.6395703844851846,0.5838233963629784
0,1,6,115,knn,joint_angle,0.6521739130434783,0.6395703844851846,0.5838233963629784
0,1,6,115,rf,joint_angle,0.6347826086956522,0.6403404932816698,0.5605095541401275
0,1,6,115,mlp,joint_angle,0.6347826086956522,0.6201552519417152,0.5631726508094419
0,1,6,115,svm,corrected,0.6260869565217392,0.6122920837831454,0.5516365944328588
0,1,6,115,knn,corrected,0.6260869565217392,0.6122920837831454,0.5516365944328588
0,1,6,115,rf,corrected,0.6434782608695652,0.6275931899770909,0.5719473445301861
0,1,6,115,mlp,corrected,0.5304347826086957,0.5311564978231644,0.4382124117966346
0,1,6,115,svm,optimized_action,0.6260869565217392,0.5964644102941975,0.551025966951153
0,1,6,115,knn,optimized_action,0.6260869565217392,0.5964644102941975,0.551025966951153
0,1,6,115,rf,optimized_action,0.6,0.5852712118315863,0.519003455173668
0,1,6,115,mlp,optimized_action,0.5826086956521739,0.5731701759943095,0.5013099647664648
0,3,18,115,svm,raw,0.3565217391304348,0.34723280524922795,0.22268907563025198
0,3,18,115,knn,raw,0.3217391304347826,0.31448220093897256,0.1826134499726625
0,3,18,115,rf,raw,0.40869565217391307,0.4112486859545683,0.2904455131113328
0,3,18,115,mlp,raw,0.4260869565217391,0.41926038286332407,0.31025081788440567
0,3,18,115,svm,raw_pca11,0.5565217391304348,0.5669125588047011,0.46754425783023146
0,3,18,115,knn,raw_pca11,0.5304347826086957,0.5243643217520927,0.43545454545454554
0,3,18,115,rf,raw_pca11,0.6086956521739131,0.6086153746000293,0.5312075369145755
0,3,18,115,mlp,raw_pca11,0.6,0.5979802397937779,0.5206596592968467
0,3,18,115,svm,raw_pca17,0.6260869565217392,0.6280803305293393,0.550658791458428
0,3,18,115,knn,raw_pca17,0.6086956521739131,0.6086472307422209,0.5292458837442009
0,3,18,115,rf,raw_pca17,0.6956521739130435,0.7031739931782376,0.6352514725872225
0,3,18,115,mlp,raw_pca17,0.6695652173913044,0.6887999652705535,0.6043816766250225
0,3,18,115,svm,joint_angle,0.7304347826086957,0.7474946458178165,0.6766146589259796
0,3,18,115,knn,joint_angle,0.6956521739130435,0.691662946982096,0.6356147021546261
0,3,18,115,rf,joint_angle,0.7739130434782608,0.7757157556296724,0.7290439510647939
0,3,18,115,mlp,joint_angle,0.7217391304347827,0.7206252402680974,0.6667572217694467
0,3,18,115,svm,corrected,0.782608695652174,0.789004277834065,0.7385412877409967
0,3,18,115,knn,corrected,0.6869565217391305,0.6812048377513272,0.6242171189979123
0,3,18,115,rf,corrected,0.808695652173913,0.8114131482552535,0.7705839680812477
0,3,18,115,mlp,corrected,0.782608695652174,0.7827116210243146,0.7388974661701935
0,3,18,115,svm,optimized_action,0.7913043478260869,0.7987554187804501,0.749159320185404
0,3,18,115,knn,optimized_action,0.7043478260869566,0.6985544440697864,0.6453514739229025
0,3,18,115,rf,optimized_action,0.808695652173913,0.8132199946224336,0.7707087185064347
0,3,18,115,mlp,optimized_action,0.7478260869565218,0.7537994165901143,0.6975056689342403
1,1,6,115,svm,raw,0.2956521739130435,0.27254704301075267,0.14861530024677827
1,1,6,115,knn,raw,0.2956521739130435,0.27254704301075267,0.14861530024677827
1,1,6,115,rf,raw,0.26956521739130435,0.26274590460655456,0.11813036333759352
1,1,6,115,mlp,raw,0.2608695652173913,0.24122686524002313,0.10468950357208284
1,1,6,115,svm,raw_pca11,0.5130434782608696,0.4579715890143304,0.41219423147133993
1,1,6,115,knn,raw_pca11,0.5130434782608696,0.4579715890143304,0.41219423147133993
1,1,6,115,rf,raw_pca11,0.391304347826087,0.35825346506591255,0.26557795821549124
1,1,6,115,mlp,raw_pca11,0.4956521739130435,0.46137937070607477,0.39058931018730014
1,1,6,115,svm,raw_pca17,0.46956521739130436,0.40813616774518796,0.3568350600531769
1,1,6,115,knn,raw_pca17,0.46956521739130436,0.40813616774518796,0.3568350600531769
1,1,6,115,rf,raw_pca17,0.3565217391304348,0.2926773627440566,0.22332755316236186
1,1,6,115,mlp,raw_pca17,0.4434782608695652,0.38763882045683634,0.3307874158937989
1,1,6,115,svm,joint_angle,0.4782608695652174,0.4851032351032351,0.3675527039413382
1,1,6,115,knn,joint_angle,0.4782608695652174,0.4851032351032351,0.3675527039413382
1,1,6,115,rf,joint_angle,0.5565217391304348,0.5498619262060122,0.464628023733455
1,1,6,115,mlp,joint_angle,0.46956521739130436,0.46943631710754996,0.3570708459352946
1,1,6,115,svm,corrected,0.5739130434782609,0.5587706957230284,0.48786694537853303
1,1,6,115,knn,corrected,0.5739130434782609,0.5587706957230284,0.48786694537853303
1,1,6,115,rf,corrected,0.5826086956521739,0.5761599511599512,0.4976337823079723
1,1,6,115,mlp,corrected,0.5043478260869565,0.491812865497076,0.4068410098633608
1,1,6,115,svm,optimized_action,0.5043478260869565,0.48494265535120107,0.40381991814461127
1,1,6,115,knn,optimized_action,0.5043478260869565,0.48494265535120107,0.40381991814461127
1,1,6,115,rf,optimized_action,0.591304347826087,0.5940380551462205,0.5088596092685145
1,1,6,115,mlp,optimized_action,0.4782608695652174,0.4661148383739866,0.37590448625180906
1,3,18,115,svm,raw,0.4260869565217391,0.43212378447313887,0.30974899963623126
1,3,18,115,knn,raw,0.3565217391304348,0.349771027345398,0.22339843037050555
1,3,18,115,rf,raw,0.4434782608695652,0.44893486143486144,0.3298124203241669
1,3,18,115,mlp,raw,0.41739130434782606,0.4170149167268982,0.2982695810564663
1,3,18,115,svm,raw_pca11,0.5391304347826087,0.5543456382078673,0.44535444535444546
1,3,18,115,knn,raw_pca11,0.5130434782608696,0.5090660782733953,0.41187214611872147
1,3,18,115,rf,raw_pca11,0.5739130434782609,0.5824524739947984,0.4875875238701465
1,3,18,115,mlp,raw_pca11,0.5043478260869565,0.5248933265062298,0.40197062311832865
1,3,18,115,svm,raw_pca17,0.6,0.6046815231468932,0.5205727750589089
1,3,18,115,knn,raw_pca17,0.6086956521739131,0.6204729401914166,0.5303140315846796
1,3,18,115,rf,raw_pca17,0.6695652173913044,0.6863172003218633,0.6025466120964075
1,3,18,115,mlp,raw_pca17,0.6434782608695652,0.6429809772267017,0.5719862018881627
1,3,18,115,svm,joint_angle,0.6782608695652174,0.6836542769140808,0.6124419346024228
1,3,18,115,knn,joint_angle,0.7130434782608696,0.7023275335775336,0.6536776784084687
1,3,18,115,rf,joint_angle,0.7391304347826086,0.743636579485636,0.6857637307587212
1,3,18,115,mlp,joint_angle,0.6869565217391305,0.6822796131619661,0.6223661406549301
1,3,18,115,svm,corrected,0.7565217391304347,0.7676359460757135,0.7071928707829408
1,3,18,115,knn,corrected,0.7130434782608696,0.7169152880836495,0.6555636231620985
1,3,18,115,rf,corrected,0.8,0.8038972233910675,0.7596547024079964
1,3,18,115,mlp,corrected,0.7478260869565218,0.7593826679192532,0.697423335147886
1,3,18,115,svm,optimized_action,0.6869565217391305,0.6994564784101386,0.622159350187095
1,3,18,115,knn,optimized_action,0.6434782608695652,0.6403947791142913,0.5714025997636578
1,3,18,115,rf,optimized_action,0.808695652173913,0.813580879506274,0.770250635670178
1,3,18,115,mlp,optimized_action,0.7478260869565218,0.759907750491982,0.6972310485701316
