classifier,metric,first,second,comparison,mean_difference,std_difference,ci95_difference,positive_repeats,equal_repeats,negative_repeats,wilcoxon_p
svm,accuracy,joint_angle11,corrected_flex11,joint_angle11_minus_corrected_flex11,0.005217391304347829,0.018931774832241084,0.008512764152557206,11,2,7,0.23763853972888527
svm,macro_f1,joint_angle11,corrected_flex11,joint_angle11_minus_corrected_flex11,0.0032781451868406806,0.018372139992836184,0.008261121639289251,12,0,8,0.47490501403808594
svm,kappa,joint_angle11,corrected_flex11,joint_angle11_minus_corrected_flex11,0.006241942027124764,0.022685383071123614,0.010200592258577418,12,0,8,0.21616744995117188
svm,accuracy,joint_angle11,optimized_action_flex11,joint_angle11_minus_optimized_action_flex11,0.004782608695652157,0.02308445904775355,0.010380038702352807,11,3,6,0.45464489657393214
svm,macro_f1,joint_angle11,optimized_action_flex11,joint_angle11_minus_optimized_action_flex11,0.003563522326360297,0.022570330823308445,0.010148858458680108,12,0,8,0.5458755493164062
svm,kappa,joint_angle11,optimized_action_flex11,joint_angle11_minus_optimized_action_flex11,0.005727440452907217,0.0277520655771437,0.012478850561976578,12,0,8,0.14290618896484375
svm,accuracy,corrected17,corrected_flex11,corrected17_minus_corrected_flex11,-0.01739130434782607,0.020393111999232313,0.009169861480208541,4,2,14,0.004546717167134763
svm,macro_f1,corrected17,corrected_flex11,corrected17_minus_corrected_flex11,-0.01754890140621479,0.024513955204127285,0.011022818565520877,6,0,14,0.00830841064453125
svm,kappa,corrected17,corrected_flex11,corrected17_minus_corrected_flex11,-0.02098874220376617,0.02461888611173586,0.01107000125582334,5,0,15,0.001209259033203125
svm,accuracy,optimized_action17,optimized_action_flex11,optimized_action17_minus_optimized_action_flex11,-0.01739130434782608,0.03135261978664338,0.014097857183150275,6,3,11,0.030730016044261083
svm,macro_f1,optimized_action17,optimized_action_flex11,optimized_action17_minus_optimized_action_flex11,-0.017193565776529425,0.03092095595092064,0.013903757450861157,8,0,12,0.039989471435546875
svm,kappa,optimized_action17,optimized_action_flex11,optimized_action17_minus_optimized_action_flex11,-0.021137957722979005,0.03784090413038837,0.017015345631141293,9,0,11,0.04405403137207031
svm,accuracy,corrected_pca11,corrected_flex11,corrected_pca11_minus_corrected_flex11,-0.019565217391304325,0.03738877645651079,0.0168120442350139,5,2,13,0.03828063666700115
svm,macro_f1,corrected_pca11,corrected_flex11,corrected_pca11_minus_corrected_flex11,-0.018811891641419,0.0397052286643921,0.017853648178178357,7,0,13,0.04844093322753906
svm,kappa,corrected_pca11,corrected_flex11,corrected_pca11_minus_corrected_flex11,-0.02388524577338517,0.0451454100444175,0.020299852057405844,5,0,15,0.01531219482421875
svm,accuracy,optimized_action_pca11,optimized_action_flex11,optimized_action_pca11_minus_optimized_action_flex11,-0.009130434782608698,0.025123513414249846,0.011296909363980579,5,2,13,0.13228140937107585
svm,macro_f1,optimized_action_pca11,optimized_action_flex11,optimized_action_pca11_minus_optimized_action_flex11,-0.0087825393707896,0.025142839697725832,0.011305599520853582,6,0,14,0.09730720520019531
svm,kappa,optimized_action_pca11,optimized_action_flex11,optimized_action_pca11_minus_optimized_action_flex11,-0.011149084186540602,0.030063469864262688,0.01351818468314647,7,0,13,0.09730720520019531
knn,accuracy,joint_angle11,corrected_flex11,joint_angle11_minus_corrected_flex11,0.007391304347826089,0.02767281154951228,0.012443213604990509,11,2,7,0.17617421394115795
knn,macro_f1,joint_angle11,corrected_flex11,joint_angle11_minus_corrected_flex11,0.010422312375464787,0.028460044212348847,0.012797196580770703,12,0,8,0.1230926513671875
knn,kappa,joint_angle11,corrected_flex11,joint_angle11_minus_corrected_flex11,0.008711723885819294,0.03314434931187154,0.014903517033248704,12,0,8,0.3299827575683594
knn,accuracy,joint_angle11,optimized_action_flex11,joint_angle11_minus_optimized_action_flex11,0.005652173913043468,0.030157118493669286,0.013560294242467392,9,4,7,0.5341726820645272
knn,macro_f1,joint_angle11,optimized_action_flex11,joint_angle11_minus_optimized_action_flex11,0.008057087807565377,0.030778636080679437,0.013839762632608684,11,0,9,0.34881019592285156
knn,kappa,joint_angle11,optimized_action_flex11,joint_angle11_minus_optimized_action_flex11,0.006633414173067259,0.03603002423446808,0.016201074724204255,11,0,9,0.5458755493164062
knn,accuracy,corrected17,corrected_flex11,corrected17_minus_corrected_flex11,-0.013043478260869573,0.039033696847762506,0.01755169064770052,7,1,12,0.15818776939303036
knn,macro_f1,corrected17,corrected_flex11,corrected17_minus_corrected_flex11,-0.015517782292765653,0.04712187371585187,0.021188578510161062,7,0,13,0.14290618896484375
knn,kappa,corrected17,corrected_flex11,corrected17_minus_corrected_flex11,-0.01541827691763487,0.04679386816400174,0.02104108922675408,7,0,13,0.17685317993164062
knn,accuracy,optimized_action17,optimized_action_flex11,optimized_action17_minus_optimized_action_flex11,-0.03695652173913046,0.03877861160919103,0.01743699033597593,5,0,15,0.0010166168212890625
knn,macro_f1,optimized_action17,optimized_action_flex11,optimized_action17_minus_optimized_action_flex11,-0.04083192567617578,0.04609521622066325,0.020726937000083934,5,0,15,0.0019855499267578125
knn,kappa,optimized_action17,optimized_action_flex11,optimized_action17_minus_optimized_action_flex11,-0.04424339999728265,0.04640121379749288,0.02086453029103986,5,0,15,0.001689910888671875
knn,accuracy,corrected_pca11,corrected_flex11,corrected_pca11_minus_corrected_flex11,-0.02391304347826087,0.05966985414247084,0.026830838620966878,7,0,13,0.08969497680664062
knn,macro_f1,corrected_pca11,corrected_flex11,corrected_pca11_minus_corrected_flex11,-0.02102253227836919,0.0670297793321354,0.030140264592660768,7,0,13,0.1893482208251953
knn,kappa,corrected_pca11,corrected_flex11,corrected_pca11_minus_corrected_flex11,-0.028954756878674926,0.07165131117335172,0.032218358745820026,7,0,13,0.11398696899414062
knn,accuracy,optimized_action_pca11,optimized_action_flex11,optimized_action_pca11_minus_optimized_action_flex11,-0.027826086956521758,0.058241398433531676,0.026188526600021852,6,3,11,0.07184341584432571
knn,macro_f1,optimized_action_pca11,optimized_action_flex11,optimized_action_pca11_minus_optimized_action_flex11,-0.020638447502174674,0.061100534066041996,0.02747415077078279,9,0,11,0.2942523956298828
knn,kappa,optimized_action_pca11,optimized_action_flex11,optimized_action_pca11_minus_optimized_action_flex11,-0.03374895343367619,0.06990231256011817,0.031431913057048635,7,0,13,0.069580078125
rf,accuracy,joint_angle11,corrected_flex11,joint_angle11_minus_corrected_flex11,0.006956521739130445,0.02994639192647403,0.01346554002195151,11,4,5,0.16916701096297093
rf,macro_f1,joint_angle11,corrected_flex11,joint_angle11_minus_corrected_flex11,0.008177411339559192,0.031494230418928286,0.014161533089124125,14,0,6,0.14290618896484375
rf,kappa,joint_angle11,corrected_flex11,joint_angle11_minus_corrected_flex11,0.008325753505129962,0.03575850053795539,0.016078982780330785,12,0,8,0.1893482208251953
rf,accuracy,joint_angle11,optimized_action_flex11,joint_angle11_minus_optimized_action_flex11,0.01782608695652174,0.02863960270499904,0.012877935925764212,14,1,5,0.021562084223154684
rf,macro_f1,joint_angle11,optimized_action_flex11,joint_angle11_minus_optimized_action_flex11,0.020250259695818108,0.030919501548601503,0.013903103471821394,15,0,5,0.012079238891601562
rf,kappa,joint_angle11,optimized_action_flex11,joint_angle11_minus_optimized_action_flex11,0.021356292970412548,0.03428662866435861,0.015417148470883284,15,0,5,0.021484375
rf,accuracy,corrected17,corrected_flex11,corrected17_minus_corrected_flex11,-0.0017391304347825986,0.04265303815106338,0.019179144976501136,10,0,10,0.9854354858398438
rf,macro_f1,corrected17,corrected_flex11,corrected17_minus_corrected_flex11,-0.0038879289140626217,0.04501908104122705,0.02024304760989274,10,0,10,0.7561664581298828
rf,kappa,corrected17,corrected_flex11,corrected17_minus_corrected_flex11,-0.002026985299877776,0.051147936832592535,0.02299891727025213,10,0,10,0.9854354858398438
rf,accuracy,optimized_action17,optimized_action_flex11,optimized_action17_minus_optimized_action_flex11,-0.00478260869565218,0.03621767837456042,0.01628545431623999,8,3,9,0.7400866115816302
rf,macro_f1,optimized_action17,optimized_action_flex11,optimized_action17_minus_optimized_action_flex11,-0.005479386858861379,0.04045334732949008,0.018190043355626764,10,0,10,0.8983173370361328
rf,kappa,optimized_action17,optimized_action_flex11,optimized_action17_minus_optimized_action_flex11,-0.005698339281808124,0.04322718872628547,0.019437314560612026,8,2,10,0.7439495148870137
rf,accuracy,corrected_pca11,corrected_flex11,corrected_pca11_minus_corrected_flex11,-0.014347826086956506,0.04461767855991181,0.020062555042029074,7,0,13,0.21616744995117188
rf,macro_f1,corrected_pca11,corrected_flex11,corrected_pca11_minus_corrected_flex11,-0.01635408971480266,0.050022773461210125,0.02249298211633499,8,0,12,0.20244979858398438
rf,kappa,corrected_pca11,corrected_flex11,corrected_pca11_minus_corrected_flex11,-0.017205875120217606,0.053459778806726165,0.024038448199505853,7,0,13,0.15364646911621094
rf,accuracy,optimized_action_pca11,optimized_action_flex11,optimized_action_pca11_minus_optimized_action_flex11,-0.018260869565217393,0.04040438314952676,0.01816802637519864,8,1,11,0.15827229482146787
rf,macro_f1,optimized_action_pca11,optimized_action_flex11,optimized_action_pca11_minus_optimized_action_flex11,-0.016987949333501985,0.04384238888418336,0.01971394228818683,10,0,10,0.3117942810058594
rf,kappa,optimized_action_pca11,optimized_action_flex11,optimized_action_pca11_minus_optimized_action_flex11,-0.022057315130546713,0.04866391824266857,0.0218819662926513,8,0,12,0.15364646911621094
mlp,accuracy,joint_angle11,corrected_flex11,joint_angle11_minus_corrected_flex11,-0.009130434782608693,0.04488801440729041,0.020184112863792122,9,0,11,0.49800872802734375
mlp,macro_f1,joint_angle11,corrected_flex11,joint_angle11_minus_corrected_flex11,-0.0061234907380016915,0.04910828601037255,0.02208177840942232,9,0,11,0.6215133666992188
mlp,kappa,joint_angle11,corrected_flex11,joint_angle11_minus_corrected_flex11,-0.011081401152147407,0.05387078130571151,0.024223257461763476,9,0,11,0.5216732025146484
mlp,accuracy,joint_angle11,optimized_action_flex11,joint_angle11_minus_optimized_action_flex11,-0.008260869565217387,0.04210662494066868,0.018933447632688966,8,2,10,0.43238484889364515
mlp,macro_f1,joint_angle11,optimized_action_flex11,joint_angle11_minus_optimized_action_flex11,-0.005588620348229612,0.045802003328834426,0.020595092404595863,9,0,11,0.5705966949462891
mlp,kappa,joint_angle11,optimized_action_flex11,joint_angle11_minus_optimized_action_flex11,-0.010019613126511156,0.050467755095736706,0.022693070261292907,9,0,11,0.49800872802734375
mlp,accuracy,corrected17,corrected_flex11,corrected17_minus_corrected_flex11,-0.002608695652173909,0.03811236000141066,0.01713740707695483,8,1,11,0.6576191766011901
mlp,macro_f1,corrected17,corrected_flex11,corrected17_minus_corrected_flex11,-0.0046144216001025255,0.04194400873443312,0.018860326468755125,8,0,12,0.5958194732666016
mlp,kappa,corrected17,corrected_flex11,corrected17_minus_corrected_flex11,-0.003028252312960461,0.045707742753925924,0.020552707681019185,9,0,11,0.7561664581298828
mlp,accuracy,optimized_action17,optimized_action_flex11,optimized_action17_minus_optimized_action_flex11,-0.03434782608695652,0.05125826965416906,0.02304852895730683,5,0,15,0.0072956085205078125
mlp,macro_f1,optimized_action17,optimized_action_flex11,optimized_action17_minus_optimized_action_flex11,-0.037884474948824215,0.05452931335814076,0.02451936958537075,5,0,15,0.00485992431640625
mlp,kappa,optimized_action17,optimized_action_flex11,optimized_action17_minus_optimized_action_flex11,-0.041102683735081344,0.06177100181280121,0.027775629837095032,5,0,15,0.009435653686523438
mlp,accuracy,corrected_pca11,corrected_flex11,corrected_pca11_minus_corrected_flex11,-0.02000000000000001,0.05203604974044236,0.02339826153630013,6,3,11,0.07160429689988466
mlp,macro_f1,corrected_pca11,corrected_flex11,corrected_pca11_minus_corrected_flex11,-0.017042440635901775,0.061060605277204326,0.02745619659769103,7,0,13,0.14290618896484375
mlp,kappa,corrected_pca11,corrected_flex11,corrected_pca11_minus_corrected_flex11,-0.024355294444853633,0.062094531786570865,0.027921106655163553,6,0,14,0.058258056640625
mlp,accuracy,optimized_action_pca11,optimized_action_flex11,optimized_action_pca11_minus_optimized_action_flex11,-0.026956521739130435,0.048407532729449684,0.021766681306140272,4,3,13,0.04402582347264156
mlp,macro_f1,optimized_action_pca11,optimized_action_flex11,optimized_action_pca11_minus_optimized_action_flex11,-0.02294351915856242,0.05354377367452219,0.024076216898209955,6,0,14,0.09730720520019531
mlp,kappa,optimized_action_pca11,optimized_action_flex11,optimized_action_pca11_minus_optimized_action_flex11,-0.03273212515739875,0.05813678347211045,0.0261414859764512,5,0,15,0.023950576782226562
