sequence_id,label,corruption_type,duration,finger_group,severity,random_seed,num_frames,num_affected_joint_frames,method,all_joint_mae,all_joint_rmse,median_absolute_error,p95_absolute_error,corrupted_joint_mae,visible_joint_mae,recovery_ratio,velocity_error,acceleration_error,amplitude_retention_mean,amplitude_retention_median,amplitude_within_0p9_1p1,amplitude_below_0p8,amplitude_above_1p2,temporal_lag_frames
0078bb88405b,prayer_beads,gaussian,0,all,medium,42,34,374,Corrupted,9.857405779833462,13.00426535486807,7.670570373535156,26.89661178588866,9.857405779833462,nan,0.0,10.820481439595708,18.435250542380594,3.032855496842758,1.8141534372443622,0.0,0.0,1.0,0.0
0078bb88405b,prayer_beads,gaussian,0,all,medium,42,34,374,Kalman,9.776066397600633,12.47368507758784,8.100250244140625,22.50358810424804,9.776066397600633,nan,0.008251601288366772,2.368440906535167,3.726908900521018,0.8087739054991387,0.688299446968637,0.0,0.8181818181818182,0.18181818181818182,5.0
0078bb88405b,prayer_beads,gaussian,0,all,medium,42,34,374,One-Euro,8.314117798830736,10.17792152330257,7.123779296875,19.683503723144522,8.314117798830736,nan,0.15656127133977016,3.226990502727918,5.031191565773704,1.316948357629608,1.0082710081243447,0.09090909090909091,0.18181818181818182,0.2727272727272727,1.0
0078bb88405b,prayer_beads,gaussian,0,all,medium,42,34,374,Automatic Confidence,9.071489675330612,11.282898830221857,7.606336104689078,21.9217461054615,9.071489675330612,nan,0.07972849267407622,3.775541959779111,4.82319974070289,2.030411069850956,1.2308994582885302,0.18181818181818182,0.0,0.5454545454545454,4.0
0078bb88405b,prayer_beads,gaussian,0,all,medium,42,34,374,Oracle Confidence,15.105356043035334,19.401354891994522,12.058891296386719,43.772241210937494,15.105356043035334,nan,-0.5323865508243828,2.2553323793017173,3.5910127379677514,0.0,0.0,0.0,1.0,0.0,nan
010a5011bcfd,orchid_finger,spike,3,ring,fixed,43,39,6,Corrupted,0.5295845345183686,4.733023164939628,0.0,0.0,37.865294218063354,0.0,0.0,0.43026879415557717,0.8510784505333303,1.0860260504796184,1.0,0.8181818181818182,0.0,0.18181818181818182,0.0
010a5011bcfd,orchid_finger,spike,3,ring,fixed,43,39,6,Kalman,7.062952828574014,11.309464428872193,4.1299285888671875,23.650708007812486,9.74392573038737,7.02492484415113,0.7426686909053752,5.042013633764531,7.753440819442711,0.37505722255131513,0.34366957826223715,0.0,1.0,0.0,3.0
010a5011bcfd,orchid_finger,spike,3,ring,fixed,43,39,6,One-Euro,5.595375825753023,9.414729665306416,3.2133026123046875,18.860739898681626,15.609352111816406,5.453333608929429,0.5877662531308133,4.675165349786932,7.158303178791918,0.5908480452009246,0.5760134682839317,0.0,1.0,0.0,2.0
010a5011bcfd,orchid_finger,spike,3,ring,fixed,43,39,6,Automatic Confidence,8.8954016128121,22.677689114471764,1.238604980271532,52.609935930911384,16.919262805509884,8.781587978873123,0.5531722873174276,4.8396947401455535,7.398566025193728,0.9974166675187692,0.9953461725379255,0.5454545454545454,0.18181818181818182,0.09090909090909091,1.0
010a5011bcfd,orchid_finger,spike,3,ring,fixed,43,39,6,Oracle Confidence,0.32485515532237946,3.5942770908086104,0.0,0.0,23.22714360555013,0.0,0.38658489032762366,0.377295589903325,0.6391044447990248,1.1088043926166407,1.0,0.9090909090909091,0.0,0.09090909090909091,0.0
05c116dc4ea7,three_finger_bent,occlusion,5,middle,short,44,42,10,Corrupted,0.03715201373740192,0.31562856882782425,0.0,0.0,1.7164230346679688,0.0,0.0,0.05031022369993764,0.08223134821111505,1.0,1.0,1.0,0.0,0.0,0.0
05c116dc4ea7,three_finger_bent,occlusion,5,middle,short,44,42,10,Kalman,6.084073896531935,8.49384288435394,4.3132171630859375,18.211335372924804,5.129798889160156,6.105186175456089,-1.988656517390821,5.034907085139577,8.514361901716752,0.32138655461322635,0.2978524055256783,0.0,1.0,0.0,2.0
05c116dc4ea7,three_finger_bent,occlusion,5,middle,short,44,42,10,One-Euro,3.993414676550663,5.7928456894277245,2.4501495361328125,12.666302490234374,2.4332229614257814,4.02793219237201,-0.4176126236248474,4.322143520854265,7.312913253090598,0.5879197981903578,0.5924777416997598,0.0,1.0,0.0,1.0
05c116dc4ea7,three_finger_bent,occlusion,5,middle,short,44,42,10,Automatic Confidence,4.135097205481082,7.633212809906871,1.4459287330059425,17.997950770755587,1.697036445427497,4.1890366028274,0.011294761750981652,5.0808922526797975,8.044967437969081,0.849271768444904,0.857848015776565,0.36363636363636365,0.2727272727272727,0.0,1.0
05c116dc4ea7,three_finger_bent,occlusion,5,middle,short,44,42,10,Oracle Confidence,0.10883757355925325,0.9457354246045944,0.0,0.0,5.0282958984375,0.0,-1.9295201689076564,0.07286088693961336,0.10644933527166194,1.0027262887595976,1.0,1.0,0.0,0.0,0.0
088859eb0563,deer_horn,gaussian,0,all,medium,45,108,1188,Corrupted,9.100525711521957,12.149252809716424,6.924406051635742,25.648803329467743,9.100525711521957,nan,0.0,11.067033010918708,19.379973645480174,1.6779443327901271,1.3972644332223039,0.09090909090909091,0.0,0.9090909090909091,0.0
088859eb0563,deer_horn,gaussian,0,all,medium,45,108,1188,Kalman,9.607724302144163,12.338390446738982,7.972846984863281,25.286428833007808,9.607724302144163,nan,-0.05573288914288255,3.2743342131401585,4.630814321658623,0.47218238027995646,0.44100409679899194,0.0,1.0,0.0,5.0
088859eb0563,deer_horn,gaussian,0,all,medium,45,108,1188,One-Euro,8.665249981864132,10.914987494445434,7.184497833251953,21.550215148925737,8.665249981864132,nan,0.04782973461705986,3.337307494883833,4.746516252259243,0.638853547913909,0.5751464465771002,0.09090909090909091,0.7272727272727273,0.0,3.0
088859eb0563,deer_horn,gaussian,0,all,medium,45,108,1188,Automatic Confidence,9.719519177137993,13.110728353060553,7.647703026726944,25.731306234776955,9.719519177137993,nan,-0.06801733056282044,4.476911607509212,5.447184233122446,1.1329429844613095,1.0899495531892487,0.2727272727272727,0.18181818181818182,0.2727272727272727,3.0
088859eb0563,deer_horn,gaussian,0,all,medium,45,108,1188,Oracle Confidence,12.752337998412674,18.341149313600255,7.796745300292969,43.25025749206538,12.752337998412674,nan,-0.40127487165573794,3.29922403353397,4.722491835239207,0.0,0.0,0.0,1.0,0.0,nan
0c54bf5d9c80,flower_pinch,spike,3,thumb,fixed,46,36,6,Corrupted,1.0898999589862246,9.546725707834067,0.0,0.0,71.93339729309082,0.0,0.0,0.7821360204126928,1.6102800420261323,1.4220299990415628,1.0,0.8181818181818182,0.0,0.18181818181818182,0.0
0c54bf5d9c80,flower_pinch,spike,3,thumb,fixed,46,36,6,Kalman,5.793741495922358,9.309621660955468,3.2958145141601562,18.96762466430664,20.918179829915363,5.561057829245543,0.7092007243216282,3.191406804865057,4.635971232531542,0.4546285638110979,0.40356062176505436,0.0,0.9090909090909091,0.09090909090909091,3.0
0c54bf5d9c80,flower_pinch,spike,3,thumb,fixed,46,36,6,One-Euro,4.276255463108872,8.225611918238009,2.1736297607421875,16.116466522216797,37.59288533528646,3.763691926613832,0.47739316159203227,2.980272644835633,4.250515575714927,0.8758830150519685,0.6687753894390247,0.0,0.8181818181818182,0.09090909090909091,1.0
0c54bf5d9c80,flower_pinch,spike,3,thumb,fixed,46,36,6,Automatic Confidence,2.6582095263351992,6.06977979591913,0.6152369659091619,12.04777409721904,2.9905740499990308,2.6530962259711406,0.9584257915997765,2.7869996653580706,4.159645964301361,0.9803133276864638,0.9824786519205976,0.6363636363636364,0.09090909090909091,0.09090909090909091,1.0
0c54bf5d9c80,flower_pinch,spike,3,thumb,fixed,46,36,6,Oracle Confidence,0.03705346463906645,0.349060830090273,0.0,0.0,2.4455286661783853,0.0,0.966002875462504,0.050797341086647727,0.08993677149481952,1.0201227035258447,1.0,0.9090909090909091,0.0,0.0,0.0
224a51a1dd12,orchid_palm,occlusion,5,index,short,47,32,10,Corrupted,0.1379436579617587,0.9025601391301765,0.0,0.0,4.855616760253906,0.0,0.0,0.09931252219460228,0.1427886962890625,0.984255293187431,1.0,0.9090909090909091,0.0,0.0,0.0
224a51a1dd12,orchid_palm,occlusion,5,index,short,47,32,10,Kalman,4.803639606996016,7.2709480247684635,3.1431655883789062,13.743234252929685,4.468572998046875,4.813436876263535,0.07971052521591349,2.692052444055283,3.877640371611624,0.33653428514927386,0.36425298397248523,0.0,1.0,0.0,4.0
224a51a1dd12,orchid_palm,occlusion,5,index,short,47,32,10,One-Euro,3.009237917986783,4.906859517576907,1.9023361206054688,9.081600189208984,4.621356201171875,2.962099956490143,0.04824527359728892,2.323940377780769,3.428821494362571,0.6194782471824579,0.6016719715619566,0.0,0.9090909090909091,0.0,1.0
224a51a1dd12,orchid_palm,occlusion,5,index,short,47,32,10,Automatic Confidence,1.961059290114477,5.0960312673806145,0.5359927313424606,7.122093796814709,4.859834665410648,1.8762997762169282,-0.0008686651696376835,2.308337607491205,3.390182275735592,0.8898461833411001,0.9463622231261194,0.45454545454545453,0.18181818181818182,0.0,1.0
224a51a1dd12,orchid_palm,occlusion,5,index,short,47,32,10,Oracle Confidence,0.31756262345747516,2.268392789665232,0.0,0.0,11.178204345703126,0.0,-1.302118329684364,0.2490601301892412,0.3483499237985322,1.0196450156582417,1.0,0.8181818181818182,0.0,0.0,0.0
