repeat,classifier,feature_set,accuracy,macro_f1,kappa
0,svm,raw,0.34782608695652173,0.33620391953725287,0.21283197955644806
1,svm,raw,0.4260869565217391,0.3938057040998218,0.3128112267994567
2,svm,raw,0.3652173913043478,0.3408502608502609,0.2410270319139317
3,svm,raw,0.4260869565217391,0.4274345673884012,0.3098745226404801
4,svm,raw,0.4608695652173913,0.42876212955677945,0.3546927323739706
5,svm,raw,0.41739130434782606,0.3813321385902031,0.30246242983885574
6,svm,raw,0.3739130434782609,0.36645233851116205,0.25033952014486205
7,svm,raw,0.3826086956521739,0.3768290840445312,0.2612865285442867
8,svm,raw,0.33043478260869563,0.3146339041182318,0.19849746560463444
9,svm,raw,0.3739130434782609,0.3649638889000591,0.2467248908296944
10,svm,raw,0.3739130434782609,0.3738609133444684,0.2502716407098877
11,svm,raw,0.3565217391304348,0.33011448395257953,0.22424794895168643
12,svm,raw,0.43478260869565216,0.43834605914437846,0.3224870842019397
13,svm,raw,0.3217391304347826,0.3253518411413148,0.18727915194346278
14,svm,raw,0.40869565217391307,0.4093174513255649,0.2903811252268602
15,svm,raw,0.4434782608695652,0.444910169136215,0.332062800617116
16,svm,raw,0.3739130434782609,0.34885320970610123,0.24802470257015719
17,svm,raw,0.391304347826087,0.36811509746292354,0.2709654048179678
18,svm,raw,0.41739130434782606,0.41786195697960404,0.298844298844299
19,svm,raw,0.34782608695652173,0.3342617488421515,0.21290381456470153
0,knn,raw,0.33043478260869563,0.32370467157052524,0.19463392451114148
1,knn,raw,0.3826086956521739,0.34645136255509645,0.2579970919665575
2,knn,raw,0.3217391304347826,0.3091443187890975,0.18896925858951164
3,knn,raw,0.45217391304347826,0.4392477749066896,0.34434389140271504
4,knn,raw,0.3565217391304348,0.3304108863571779,0.22853775722962577
5,knn,raw,0.3826086956521739,0.33627974114547005,0.2616873135003164
6,knn,raw,0.43478260869565216,0.43901540442893827,0.32217990569459565
7,knn,raw,0.3391304347826087,0.32435094725949304,0.20811814804747653
8,knn,raw,0.30434782608695654,0.27976250845165646,0.16681760550624902
9,knn,raw,0.3391304347826087,0.3326181754753183,0.20740001813729936
10,knn,raw,0.26956521739130435,0.2415579121461474,0.12213740458015265
11,knn,raw,0.3565217391304348,0.3192913999759004,0.22318575992697398
12,knn,raw,0.45217391304347826,0.46483468033000147,0.3402841012566018
13,knn,raw,0.25217391304347825,0.22763228730670057,0.10594829144820106
14,knn,raw,0.3391304347826087,0.3170868605079131,0.21019338514368335
15,knn,raw,0.3739130434782609,0.3599797332533905,0.24390466624052587
16,knn,raw,0.30434782608695654,0.28033490923334986,0.1588186888543477
17,knn,raw,0.3652173913043478,0.34946870494783205,0.23916983868044228
18,knn,raw,0.3826086956521739,0.371980878121229,0.25447406866325784
19,knn,raw,0.34782608695652173,0.3277296267344147,0.2100924993131239
0,rf,raw,0.48695652173913045,0.465569489203369,0.37968550009142443
1,rf,raw,0.46956521739130436,0.43229541895359663,0.365445499773858
2,rf,raw,0.4260869565217391,0.41528118424403254,0.3134949348769899
3,rf,raw,0.48695652173913045,0.4848239482964341,0.3853053089327778
4,rf,raw,0.5130434782608696,0.5074027287843078,0.41634946528910655
5,rf,raw,0.48695652173913045,0.4606773004211335,0.3853053089327777
6,rf,raw,0.3652173913043478,0.3625393125393126,0.23937664220349741
7,rf,raw,0.45217391304347826,0.43238111666954177,0.34428455063806673
8,rf,raw,0.40869565217391307,0.382113362304118,0.2890909090909092
9,rf,raw,0.45217391304347826,0.4402742676426887,0.34094423724188117
10,rf,raw,0.3739130434782609,0.35901420527766215,0.2506787330316743
11,rf,raw,0.3826086956521739,0.36413434776812387,0.251809768166407
12,rf,raw,0.40869565217391307,0.4112586487586487,0.289155531315335
13,rf,raw,0.46956521739130436,0.43343774022684106,0.36012040499863185
14,rf,raw,0.4260869565217391,0.4078385510982013,0.31405332128332575
15,rf,raw,0.4260869565217391,0.4079072095645204,0.31043881166530396
16,rf,raw,0.40869565217391307,0.39093938998003264,0.29031672565568556
17,rf,raw,0.41739130434782606,0.39733547728300356,0.299863698318946
18,rf,raw,0.34782608695652173,0.3515765008807961,0.2140513942044835
19,rf,raw,0.40869565217391307,0.3837005256648114,0.28708177591393935
0,mlp,raw,0.3652173913043478,0.3593791581357622,0.23612374886260246
1,mlp,raw,0.43478260869565216,0.4045350457984867,0.32242567077592477
2,mlp,raw,0.3826086956521739,0.3768899122557659,0.2603496693541082
3,mlp,raw,0.46956521739130436,0.46032668187139736,0.3646408839779006
4,mlp,raw,0.4782608695652174,0.46058824399838216,0.3753394894079305
5,mlp,raw,0.391304347826087,0.3353997676726493,0.27261227071473737
6,mlp,raw,0.3826086956521739,0.3779224932867204,0.26068453458891705
7,mlp,raw,0.3826086956521739,0.3824154195934711,0.26088530822847844
8,mlp,raw,0.3130434782608696,0.2972458947095688,0.1785714285714286
9,mlp,raw,0.3826086956521739,0.3703866989647997,0.2590071694346129
10,mlp,raw,0.33043478260869563,0.32830789948890077,0.19704388828436692
11,mlp,raw,0.3391304347826087,0.3246907681690291,0.20043911810447346
12,mlp,raw,0.3565217391304348,0.361657295104789,0.22558922558922556
13,mlp,raw,0.33043478260869563,0.31212311163707424,0.19500000000000006
14,mlp,raw,0.40869565217391307,0.40565230622466797,0.2909601958473116
15,mlp,raw,0.48695652173913045,0.47149988793121006,0.3831257387035185
16,mlp,raw,0.46956521739130436,0.43479835723817506,0.36116929241417006
17,mlp,raw,0.3565217391304348,0.33675697179456576,0.22909683848174656
18,mlp,raw,0.391304347826087,0.39117290203506877,0.2689792953142027
19,mlp,raw,0.391304347826087,0.3773351648351648,0.26416819012797077
0,svm,corrected,0.8608695652173913,0.8668693830573578,0.8328792007266121
1,svm,corrected,0.6695652173913044,0.6974361787725843,0.6014955316432611
2,svm,corrected,0.8,0.8099197099197099,0.7602863875294543
3,svm,corrected,0.7565217391304347,0.7683196582186035,0.707591718125681
4,svm,corrected,0.7217391304347827,0.7186776784881143,0.6667572217694467
5,svm,corrected,0.8173913043478261,0.8195198592257417,0.7814083997103548
6,svm,corrected,0.7130434782608696,0.7139184015447738,0.6558759521218716
7,svm,corrected,0.7304347826086957,0.7164248897390935,0.6778129236330773
8,svm,corrected,0.6521739130434783,0.6535195218438252,0.5817421349336243
9,svm,corrected,0.8782608695652174,0.8848312944951601,0.8535431638315292
10,svm,corrected,0.6347826086956522,0.6440587759850768,0.5612680534108456
11,svm,corrected,0.7565217391304347,0.7597282209547203,0.7076182693180786
12,svm,corrected,0.6869565217391305,0.702716762380628,0.6233624454148472
13,svm,corrected,0.8,0.8013901712204263,0.7599818511796733
14,svm,corrected,0.7217391304347827,0.7433581212465964,0.6632811785158752
15,svm,corrected,0.7304347826086957,0.7396809173973861,0.6770248233375611
16,svm,corrected,0.7304347826086957,0.7251165973275507,0.677433948606587
17,svm,corrected,0.7217391304347827,0.7136615631796591,0.667088836620228
18,svm,corrected,0.7913043478260869,0.7948065609330052,0.7492732558139534
19,svm,corrected,0.808695652173913,0.8116103248456191,0.7701880279771096
0,knn,corrected,0.8173913043478261,0.8084591683882465,0.7804944555535358
1,knn,corrected,0.6173913043478261,0.6251512883705295,0.5411679361624955
2,knn,corrected,0.8173913043478261,0.819741007976302,0.7809126372130999
3,knn,corrected,0.7565217391304347,0.7564899258447646,0.7085709113946963
4,knn,corrected,0.7652173913043478,0.7678521239868473,0.7178298800436205
5,knn,corrected,0.6956521739130435,0.6840950103500223,0.6344232515894641
6,knn,corrected,0.7565217391304347,0.7641033186324176,0.7080953676003989
7,knn,corrected,0.7043478260869566,0.7004859003161211,0.6460577532361726
8,knn,corrected,0.6608695652173913,0.6329631573534013,0.5933448182065464
9,knn,corrected,0.782608695652174,0.781420524555536,0.7397247872533044
10,knn,corrected,0.5826086956521739,0.5739350692855498,0.49818181818181817
11,knn,corrected,0.7217391304347827,0.7209746859256155,0.6661828737300436
12,knn,corrected,0.6,0.586740919349615,0.5210068815646505
13,knn,corrected,0.7304347826086957,0.7263354108504422,0.6767905711695377
14,knn,corrected,0.6782608695652174,0.6672892823787965,0.6151410998552822
15,knn,corrected,0.591304347826087,0.5979459888684908,0.5107711803041275
16,knn,corrected,0.6521739130434783,0.6582991645491646,0.5826528760660498
17,knn,corrected,0.6173913043478261,0.5907093927314516,0.5408765084838036
18,knn,corrected,0.7304347826086957,0.7308478679627589,0.675614194722475
19,knn,corrected,0.782608695652174,0.7791330074385273,0.7389448833197131
0,rf,corrected,0.8521739130434782,0.8490736073232488,0.8223534756928669
1,rf,corrected,0.782608695652174,0.7843770462191516,0.7395125486998279
2,rf,corrected,0.8434782608695652,0.8428704699564776,0.8123640319071791
3,rf,corrected,0.7913043478260869,0.8001380399213217,0.7495917256396298
4,rf,corrected,0.7478260869565218,0.7463948093104102,0.6973684210526316
5,rf,corrected,0.8173913043478261,0.8124189044920752,0.7813886122929302
6,rf,corrected,0.7652173913043478,0.7688391109443741,0.7181628392484343
7,rf,corrected,0.8521739130434782,0.8498841376890156,0.8229647740650186
8,rf,corrected,0.6260869565217392,0.5857133068048886,0.5509036418127327
9,rf,corrected,0.8608695652173913,0.8647289656181586,0.8328640203469888
10,rf,corrected,0.6782608695652174,0.6684959542102399,0.6145484192408732
11,rf,corrected,0.8260869565217391,0.8288048825436091,0.7912885662431942
12,rf,corrected,0.7739130434782608,0.7710652637123226,0.7290193945985137
13,rf,corrected,0.7913043478260869,0.7924371740161215,0.7496598639455783
14,rf,corrected,0.7652173913043478,0.7668756080520787,0.7182139940103458
15,rf,corrected,0.7739130434782608,0.7739380178404568,0.7292402426876754
16,rf,corrected,0.7652173913043478,0.7607210765105501,0.7186735525958141
17,rf,corrected,0.6869565217391305,0.6855666231755082,0.6253054575074668
18,rf,corrected,0.8521739130434782,0.8526480427796218,0.8223373318793167
19,rf,corrected,0.8,0.8015096073343417,0.7595891656062534
0,mlp,corrected,0.8695652173913043,0.874129928763796,0.843196073084265
1,mlp,corrected,0.7304347826086957,0.7432785260232424,0.6759974552394802
2,mlp,corrected,0.7652173913043478,0.7708033505799979,0.71877547323612
3,mlp,corrected,0.7913043478260869,0.7990641497360422,0.7496825684745148
4,mlp,corrected,0.7304347826086957,0.7294600723172152,0.6766733176129149
5,mlp,corrected,0.808695652173913,0.8101038581783127,0.7707087185064347
6,mlp,corrected,0.7478260869565218,0.7471552160576551,0.6976427923844062
7,mlp,corrected,0.7043478260869566,0.687018020738951,0.646185865532531
8,mlp,corrected,0.6434782608695652,0.6190488909102386,0.5720638954438192
9,mlp,corrected,0.8695652173913043,0.8711019000492685,0.8435232220609579
10,mlp,corrected,0.6,0.6055456952224488,0.5205293211275266
11,mlp,corrected,0.7739130434782608,0.7743832244151303,0.7284040330638568
12,mlp,corrected,0.6869565217391305,0.6920815001687916,0.6241830065359477
13,mlp,corrected,0.7739130434782608,0.7727559477559477,0.7287243694429324
14,mlp,corrected,0.7130434782608696,0.7173859486213892,0.6556573813628528
15,mlp,corrected,0.6956521739130435,0.7036549868225093,0.6351192095004986
16,mlp,corrected,0.7478260869565218,0.7449874686716792,0.6975331035733721
17,mlp,corrected,0.6521739130434783,0.637797507152346,0.5834088027531245
18,mlp,corrected,0.8,0.800157575157575,0.759960068971776
19,mlp,corrected,0.8521739130434782,0.8542599906339241,0.8224018895348837
0,svm,optimized_action,0.8347826086956521,0.8400168093169155,0.8016881466690869
1,svm,optimized_action,0.6608695652173913,0.6848941414532811,0.5912322274881516
2,svm,optimized_action,0.7304347826086957,0.7218207718207718,0.6776964108127655
3,svm,optimized_action,0.7043478260869566,0.7190339845615545,0.6455122393472348
4,svm,optimized_action,0.7304347826086957,0.7361149663875631,0.6770540809855965
5,svm,optimized_action,0.7565217391304347,0.7561896022562316,0.7087817672062946
6,svm,optimized_action,0.7217391304347827,0.7207592600672578,0.6663947058290273
7,svm,optimized_action,0.7130434782608696,0.6977988382048279,0.6569956616052062
8,svm,optimized_action,0.6782608695652174,0.675119404486941,0.6129355044118985
9,svm,optimized_action,0.808695652173913,0.8190663280285921,0.7696020398870776
10,svm,optimized_action,0.6086956521739131,0.6266042780748663,0.5298446443172526
11,svm,optimized_action,0.7391304347826086,0.7448239932508058,0.6864206507907653
12,svm,optimized_action,0.6608695652173913,0.6777076316356502,0.5916788055353241
13,svm,optimized_action,0.7652173913043478,0.7606788435735804,0.7181372549019608
14,svm,optimized_action,0.7130434782608696,0.7293289346330738,0.6534879474068663
15,svm,optimized_action,0.7391304347826086,0.749040071095585,0.6871883216973433
16,svm,optimized_action,0.7565217391304347,0.7535722535722535,0.7084389713871786
17,svm,optimized_action,0.6695652173913044,0.657903982322587,0.6042025178878725
18,svm,optimized_action,0.7739130434782608,0.7759821423660237,0.7283546833833014
19,svm,optimized_action,0.7913043478260869,0.7942330100998832,0.749204906860518
0,knn,optimized_action,0.7913043478260869,0.7849467429248121,0.7490680970997363
1,knn,optimized_action,0.6260869565217392,0.6231263616557734,0.5519209858644436
2,knn,optimized_action,0.6782608695652174,0.6586913787557034,0.6153498463207376
3,knn,optimized_action,0.7478260869565218,0.7546796007850296,0.6978071765132294
4,knn,optimized_action,0.7478260869565218,0.7473355842230616,0.697423335147886
5,knn,optimized_action,0.7130434782608696,0.706514828852136,0.6561877151657909
6,knn,optimized_action,0.7217391304347827,0.7202994267419812,0.6666364706948094
7,knn,optimized_action,0.6956521739130435,0.6870023995261186,0.6358454718176061
8,knn,optimized_action,0.6347826086956522,0.5980199510634293,0.5620239390642001
9,knn,optimized_action,0.7217391304347827,0.729507809696489,0.6662131519274377
10,knn,optimized_action,0.5826086956521739,0.5862638152758947,0.499455930359086
11,knn,optimized_action,0.7043478260869566,0.7015439912304583,0.6452549446561423
12,knn,optimized_action,0.6,0.5867120653250221,0.5209635062935796
13,knn,optimized_action,0.6869565217391305,0.6772907294646425,0.6247620774041511
14,knn,optimized_action,0.6521739130434783,0.6361464125880237,0.5840491907044036
15,knn,optimized_action,0.5565217391304348,0.5669155693481615,0.4677858439201451
16,knn,optimized_action,0.6434782608695652,0.6486798974909113,0.5716751453488373
17,knn,optimized_action,0.6,0.5782532734812013,0.5209201231660932
18,knn,optimized_action,0.7565217391304347,0.7524447524447524,0.7066593787009201
19,knn,optimized_action,0.7478260869565218,0.7382213608957796,0.6969559291231259
0,rf,optimized_action,0.8521739130434782,0.8466575641721562,0.8225630785986567
1,rf,optimized_action,0.7739130434782608,0.7752175541649224,0.729093050647821
2,rf,optimized_action,0.782608695652174,0.7771075204727736,0.7396776530242666
3,rf,optimized_action,0.8,0.8011972498814605,0.7600907029478458
4,rf,optimized_action,0.7391304347826086,0.7347999469652929,0.6872166817769718
5,rf,optimized_action,0.808695652173913,0.8005127128309383,0.7710821570756425
6,rf,optimized_action,0.7739130434782608,0.7705422091814903,0.7290439510647939
7,rf,optimized_action,0.8260869565217391,0.8191910157533505,0.7917986783742192
8,rf,optimized_action,0.6347826086956522,0.611616378283045,0.5614672235336844
9,rf,optimized_action,0.8347826086956521,0.8384934864206933,0.8018679724338048
10,rf,optimized_action,0.6695652173913044,0.6496076648177296,0.6045606732422405
11,rf,optimized_action,0.8347826086956521,0.8366798116798116,0.8017241379310345
12,rf,optimized_action,0.7217391304347827,0.7219798195407953,0.6660617059891107
13,rf,optimized_action,0.7652173913043478,0.7610517982786309,0.7188264058679708
14,rf,optimized_action,0.7304347826086957,0.7263853698636308,0.6773755656108598
15,rf,optimized_action,0.7739130434782608,0.7763098464317976,0.7291421324395326
16,rf,optimized_action,0.7565217391304347,0.7513947470301771,0.7079629965536005
17,rf,optimized_action,0.6434782608695652,0.6408708312384783,0.5730713509597972
18,rf,optimized_action,0.8608695652173913,0.8601730424863842,0.8328943783489238
19,rf,optimized_action,0.7652173913043478,0.7632598039215687,0.7173675587110868
0,mlp,optimized_action,0.8608695652173913,0.8667422953299301,0.8328943783489238
1,mlp,optimized_action,0.7043478260869566,0.7178928069242071,0.6448037790697674
2,mlp,optimized_action,0.7043478260869566,0.6948726273742313,0.6463138851198553
3,mlp,optimized_action,0.7739130434782608,0.7773487773487773,0.7285766158315178
4,mlp,optimized_action,0.7130434782608696,0.7113138952761595,0.6559071538670778
5,mlp,optimized_action,0.7478260869565218,0.7502061851466276,0.6978071765132294
6,mlp,optimized_action,0.7652173913043478,0.7625479081109435,0.7181884189508079
7,mlp,optimized_action,0.6608695652173913,0.6419031190629634,0.5948143463727527
8,mlp,optimized_action,0.6869565217391305,0.6772288140709194,0.6245579033281944
9,mlp,optimized_action,0.808695652173913,0.8144165019165018,0.7702506356701779
10,mlp,optimized_action,0.5391304347826087,0.550243748251388,0.447265802122064
11,mlp,optimized_action,0.7739130434782608,0.7795208532050637,0.7287489794066951
12,mlp,optimized_action,0.7130434782608696,0.7127656762529684,0.6555010893246187
13,mlp,optimized_action,0.8,0.7987916649681357,0.7600689404934688
14,mlp,optimized_action,0.6956521739130435,0.6999330506898328,0.6348543953551664
15,mlp,optimized_action,0.7217391304347827,0.7290989519546894,0.6663342098104996
16,mlp,optimized_action,0.7391304347826086,0.7244157603913702,0.6873584050747621
17,mlp,optimized_action,0.6521739130434783,0.6455947681134685,0.5833710714609184
18,mlp,optimized_action,0.7913043478260869,0.7875297692370863,0.7491137169348241
19,mlp,optimized_action,0.808695652173913,0.8102427675743004,0.7699163332120771
0,svm,optimized_full,0.5478260869565217,0.5642641859651905,0.45690672963400236
1,svm,optimized_full,0.5304347826086957,0.5270092537991607,0.43427165892320296
2,svm,optimized_full,0.3826086956521739,0.3554773447352586,0.2627539503386004
3,svm,optimized_full,0.6086956521739131,0.6090177153683826,0.5284738041002277
4,svm,optimized_full,0.5826086956521739,0.5364209320091673,0.4998187749184487
5,svm,optimized_full,0.4956521739130435,0.49474285416312,0.3962161672852358
6,svm,optimized_full,0.3739130434782609,0.3948372110449215,0.24979614025550412
7,svm,optimized_full,0.48695652173913045,0.49140716803760287,0.3841336116910229
8,svm,optimized_full,0.5130434782608696,0.5227083651552574,0.4163494652891063
9,svm,optimized_full,0.5043478260869565,0.49957614666916994,0.40403673061187384
10,svm,optimized_full,0.4,0.4203752956840538,0.2822901591895802
11,svm,optimized_full,0.4956521739130435,0.4823827561958849,0.3938016904480597
12,svm,optimized_full,0.3565217391304348,0.3661549932240767,0.22986425339366512
13,svm,optimized_full,0.3565217391304348,0.3446570014514265,0.22818791946308714
14,svm,optimized_full,0.4956521739130435,0.48866778866778865,0.3953952139231326
15,svm,optimized_full,0.41739130434782606,0.4276761028793548,0.30138725179073345
16,svm,optimized_full,0.40869565217391307,0.4135342525586428,0.2923717310650621
17,svm,optimized_full,0.3565217391304348,0.32581230259248833,0.23000361925443358
18,svm,optimized_full,0.45217391304347826,0.44195930360544017,0.34243964421855144
19,svm,optimized_full,0.391304347826087,0.386162269487621,0.2661135928525846
0,knn,optimized_full,0.5304347826086957,0.5411621054065876,0.43473511742217363
1,knn,optimized_full,0.4260869565217391,0.41669552669552673,0.3084282460136676
2,knn,optimized_full,0.33043478260869563,0.31904254229835627,0.20081227436823101
3,knn,optimized_full,0.5304347826086957,0.531017131017131,0.43760188371671793
4,knn,optimized_full,0.4956521739130435,0.45662285045552337,0.39473684210526316
5,knn,optimized_full,0.46956521739130436,0.4611787825943718,0.36290981745527195
6,knn,optimized_full,0.391304347826087,0.39765003546638295,0.26997370091593353
7,knn,optimized_full,0.45217391304347826,0.44802078928692995,0.3429167422456012
8,knn,optimized_full,0.41739130434782606,0.4063996767886362,0.3034083717566224
9,knn,optimized_full,0.391304347826087,0.381692612942613,0.2700398984403336
10,knn,optimized_full,0.34782608695652173,0.32581101628821674,0.22199170124481338
11,knn,optimized_full,0.4434782608695652,0.4363917828203543,0.3330312641594926
12,knn,optimized_full,0.34782608695652173,0.3542109751743043,0.21761611030478967
13,knn,optimized_full,0.33043478260869563,0.2975351765464406,0.19631512071156287
14,knn,optimized_full,0.4,0.37930304638697687,0.28326257790624154
15,knn,optimized_full,0.43478260869565216,0.4350923159771676,0.3214415395787945
16,knn,optimized_full,0.40869565217391307,0.41429076634420525,0.28980110798292613
17,knn,optimized_full,0.28695652173913044,0.27065125168573445,0.1473008409440274
18,knn,optimized_full,0.45217391304347826,0.4488601407206058,0.3427379116392997
19,knn,optimized_full,0.41739130434782606,0.3940883208625144,0.2982695810564663
0,rf,optimized_full,0.6782608695652174,0.6832133687878232,0.6139188821341076
1,rf,optimized_full,0.6869565217391305,0.6791466791466791,0.623807360290777
2,rf,optimized_full,0.4956521739130435,0.4763815459743453,0.3967622320701818
3,rf,optimized_full,0.6,0.6011258954807343,0.5196149654921903
4,rf,optimized_full,0.6347826086956522,0.6019829377952948,0.5618252744261998
5,rf,optimized_full,0.5565217391304348,0.5323022875983098,0.46966271814811456
6,rf,optimized_full,0.3565217391304348,0.3597242279004825,0.22874750770346197
7,rf,optimized_full,0.48695652173913045,0.4854219364897074,0.3850824723581655
8,rf,optimized_full,0.5217391304347826,0.5063640191146456,0.4248431390379195
9,rf,optimized_full,0.5043478260869565,0.4880502341421882,0.40625
10,rf,optimized_full,0.4,0.39064819499928277,0.28157537347215933
11,rf,optimized_full,0.5391304347826087,0.5335374989473952,0.44681430386640053
12,rf,optimized_full,0.45217391304347826,0.4490003166749473,0.3430359085963003
13,rf,optimized_full,0.4,0.40276752799139387,0.2795532958053386
14,rf,optimized_full,0.5043478260869565,0.4916114053958665,0.4076450388577625
15,rf,optimized_full,0.5130434782608696,0.5085093065346784,0.4156079854809437
16,rf,optimized_full,0.4434782608695652,0.43512579565211146,0.3331521246715591
17,rf,optimized_full,0.4260869565217391,0.40744520397404577,0.31256226791051533
18,rf,optimized_full,0.3739130434782609,0.37515262515262515,0.24836601307189543
19,rf,optimized_full,0.5478260869565217,0.5389521578536919,0.456709366766603
0,mlp,optimized_full,0.5130434782608696,0.5295405661995233,0.41411935953420675
1,mlp,optimized_full,0.5043478260869565,0.5038466031212036,0.4037114527426545
2,mlp,optimized_full,0.3652173913043478,0.3355057736240248,0.24130140081337548
3,mlp,optimized_full,0.6782608695652174,0.6760383242941383,0.6135682499318864
4,mlp,optimized_full,0.4956521739130435,0.47056640743513495,0.39495645863570394
5,mlp,optimized_full,0.5043478260869565,0.49338738677214594,0.40791256435733003
6,mlp,optimized_full,0.3826086956521739,0.39796637307514676,0.26081839579938415
7,mlp,optimized_full,0.4782608695652174,0.48108780954122077,0.37289830046351
8,mlp,optimized_full,0.5217391304347826,0.5258514231961481,0.4277053926891061
9,mlp,optimized_full,0.4782608695652174,0.4625380792047458,0.3751697908177126
10,mlp,optimized_full,0.43478260869565216,0.43925497461730867,0.3216878402903811
11,mlp,optimized_full,0.5043478260869565,0.4978757922136036,0.4026790595954074
12,mlp,optimized_full,0.40869565217391307,0.40084047920811344,0.291409931134469
13,mlp,optimized_full,0.3217391304347826,0.30944760275300626,0.18698450104232756
14,mlp,optimized_full,0.48695652173913045,0.47641259082048554,0.38735891647855525
15,mlp,optimized_full,0.4434782608695652,0.4509708121790388,0.33121308496138113
16,mlp,optimized_full,0.41739130434782606,0.4273059793594182,0.2993543693734655
17,mlp,optimized_full,0.3652173913043478,0.3317322978339928,0.23937664220349741
18,mlp,optimized_full,0.4608695652173913,0.456212998235459,0.3533466352258299
19,mlp,optimized_full,0.3826086956521739,0.37041754600818266,0.25461018805915636
