classifier,representation,true_label,predicted_label,count,row_normalized
svm,joint_angle11,deer_horn,deer_horn,318,0.8368421052631579
svm,joint_angle11,deer_horn,flower_pinch,9,0.02368421052631579
svm,joint_angle11,deer_horn,orchid_finger,41,0.10789473684210527
svm,joint_angle11,deer_horn,orchid_palm,8,0.021052631578947368
svm,joint_angle11,deer_horn,prayer_beads,4,0.010526315789473684
svm,joint_angle11,deer_horn,three_finger_bent,0,0.0
svm,joint_angle11,flower_pinch,deer_horn,5,0.013157894736842105
svm,joint_angle11,flower_pinch,flower_pinch,264,0.6947368421052632
svm,joint_angle11,flower_pinch,orchid_finger,25,0.06578947368421052
svm,joint_angle11,flower_pinch,orchid_palm,75,0.19736842105263158
svm,joint_angle11,flower_pinch,prayer_beads,4,0.010526315789473684
svm,joint_angle11,flower_pinch,three_finger_bent,7,0.018421052631578946
svm,joint_angle11,orchid_finger,deer_horn,24,0.06666666666666667
svm,joint_angle11,orchid_finger,flower_pinch,5,0.013888888888888888
svm,joint_angle11,orchid_finger,orchid_finger,323,0.8972222222222223
svm,joint_angle11,orchid_finger,orchid_palm,2,0.005555555555555556
svm,joint_angle11,orchid_finger,prayer_beads,6,0.016666666666666666
svm,joint_angle11,orchid_finger,three_finger_bent,0,0.0
svm,joint_angle11,orchid_palm,deer_horn,0,0.0
svm,joint_angle11,orchid_palm,flower_pinch,58,0.1318181818181818
svm,joint_angle11,orchid_palm,orchid_finger,48,0.10909090909090909
svm,joint_angle11,orchid_palm,orchid_palm,318,0.7227272727272728
svm,joint_angle11,orchid_palm,prayer_beads,16,0.03636363636363636
svm,joint_angle11,orchid_palm,three_finger_bent,0,0.0
svm,joint_angle11,prayer_beads,deer_horn,0,0.0
svm,joint_angle11,prayer_beads,flower_pinch,4,0.010526315789473684
svm,joint_angle11,prayer_beads,orchid_finger,3,0.007894736842105263
svm,joint_angle11,prayer_beads,orchid_palm,38,0.1
svm,joint_angle11,prayer_beads,prayer_beads,335,0.881578947368421
svm,joint_angle11,prayer_beads,three_finger_bent,0,0.0
svm,joint_angle11,three_finger_bent,deer_horn,0,0.0
svm,joint_angle11,three_finger_bent,flower_pinch,62,0.17222222222222222
svm,joint_angle11,three_finger_bent,orchid_finger,1,0.002777777777777778
svm,joint_angle11,three_finger_bent,orchid_palm,9,0.025
svm,joint_angle11,three_finger_bent,prayer_beads,0,0.0
svm,joint_angle11,three_finger_bent,three_finger_bent,288,0.8
knn,joint_angle11,deer_horn,deer_horn,351,0.9236842105263158
knn,joint_angle11,deer_horn,flower_pinch,11,0.02894736842105263
knn,joint_angle11,deer_horn,orchid_finger,7,0.018421052631578946
knn,joint_angle11,deer_horn,orchid_palm,11,0.02894736842105263
knn,joint_angle11,deer_horn,prayer_beads,0,0.0
knn,joint_angle11,deer_horn,three_finger_bent,0,0.0
knn,joint_angle11,flower_pinch,deer_horn,12,0.031578947368421054
knn,joint_angle11,flower_pinch,flower_pinch,262,0.6894736842105263
knn,joint_angle11,flower_pinch,orchid_finger,2,0.005263157894736842
knn,joint_angle11,flower_pinch,orchid_palm,87,0.22894736842105262
knn,joint_angle11,flower_pinch,prayer_beads,2,0.005263157894736842
knn,joint_angle11,flower_pinch,three_finger_bent,15,0.039473684210526314
knn,joint_angle11,orchid_finger,deer_horn,117,0.325
knn,joint_angle11,orchid_finger,flower_pinch,14,0.03888888888888889
knn,joint_angle11,orchid_finger,orchid_finger,227,0.6305555555555555
knn,joint_angle11,orchid_finger,orchid_palm,1,0.002777777777777778
knn,joint_angle11,orchid_finger,prayer_beads,0,0.0
knn,joint_angle11,orchid_finger,three_finger_bent,1,0.002777777777777778
knn,joint_angle11,orchid_palm,deer_horn,0,0.0
knn,joint_angle11,orchid_palm,flower_pinch,121,0.275
knn,joint_angle11,orchid_palm,orchid_finger,22,0.05
knn,joint_angle11,orchid_palm,orchid_palm,277,0.6295454545454545
knn,joint_angle11,orchid_palm,prayer_beads,19,0.04318181818181818
knn,joint_angle11,orchid_palm,three_finger_bent,1,0.0022727272727272726
knn,joint_angle11,prayer_beads,deer_horn,0,0.0
knn,joint_angle11,prayer_beads,flower_pinch,9,0.02368421052631579
knn,joint_angle11,prayer_beads,orchid_finger,0,0.0
knn,joint_angle11,prayer_beads,orchid_palm,28,0.07368421052631578
knn,joint_angle11,prayer_beads,prayer_beads,343,0.9026315789473685
knn,joint_angle11,prayer_beads,three_finger_bent,0,0.0
knn,joint_angle11,three_finger_bent,deer_horn,1,0.002777777777777778
knn,joint_angle11,three_finger_bent,flower_pinch,54,0.15
knn,joint_angle11,three_finger_bent,orchid_finger,0,0.0
knn,joint_angle11,three_finger_bent,orchid_palm,12,0.03333333333333333
knn,joint_angle11,three_finger_bent,prayer_beads,0,0.0
knn,joint_angle11,three_finger_bent,three_finger_bent,293,0.8138888888888889
rf,joint_angle11,deer_horn,deer_horn,330,0.868421052631579
rf,joint_angle11,deer_horn,flower_pinch,7,0.018421052631578946
rf,joint_angle11,deer_horn,orchid_finger,30,0.07894736842105263
rf,joint_angle11,deer_horn,orchid_palm,10,0.02631578947368421
rf,joint_angle11,deer_horn,prayer_beads,3,0.007894736842105263
rf,joint_angle11,deer_horn,three_finger_bent,0,0.0
rf,joint_angle11,flower_pinch,deer_horn,9,0.02368421052631579
rf,joint_angle11,flower_pinch,flower_pinch,301,0.7921052631578948
rf,joint_angle11,flower_pinch,orchid_finger,12,0.031578947368421054
rf,joint_angle11,flower_pinch,orchid_palm,44,0.11578947368421053
rf,joint_angle11,flower_pinch,prayer_beads,2,0.005263157894736842
rf,joint_angle11,flower_pinch,three_finger_bent,12,0.031578947368421054
rf,joint_angle11,orchid_finger,deer_horn,39,0.10833333333333334
rf,joint_angle11,orchid_finger,flower_pinch,6,0.016666666666666666
rf,joint_angle11,orchid_finger,orchid_finger,315,0.875
rf,joint_angle11,orchid_finger,orchid_palm,0,0.0
rf,joint_angle11,orchid_finger,prayer_beads,0,0.0
rf,joint_angle11,orchid_finger,three_finger_bent,0,0.0
rf,joint_angle11,orchid_palm,deer_horn,2,0.004545454545454545
rf,joint_angle11,orchid_palm,flower_pinch,33,0.075
rf,joint_angle11,orchid_palm,orchid_finger,31,0.07045454545454545
rf,joint_angle11,orchid_palm,orchid_palm,320,0.7272727272727273
rf,joint_angle11,orchid_palm,prayer_beads,54,0.12272727272727273
rf,joint_angle11,orchid_palm,three_finger_bent,0,0.0
rf,joint_angle11,prayer_beads,deer_horn,0,0.0
rf,joint_angle11,prayer_beads,flower_pinch,1,0.002631578947368421
rf,joint_angle11,prayer_beads,orchid_finger,0,0.0
rf,joint_angle11,prayer_beads,orchid_palm,22,0.05789473684210526
rf,joint_angle11,prayer_beads,prayer_beads,357,0.9394736842105263
rf,joint_angle11,prayer_beads,three_finger_bent,0,0.0
rf,joint_angle11,three_finger_bent,deer_horn,1,0.002777777777777778
rf,joint_angle11,three_finger_bent,flower_pinch,63,0.175
rf,joint_angle11,three_finger_bent,orchid_finger,0,0.0
rf,joint_angle11,three_finger_bent,orchid_palm,5,0.013888888888888888
rf,joint_angle11,three_finger_bent,prayer_beads,0,0.0
rf,joint_angle11,three_finger_bent,three_finger_bent,291,0.8083333333333333
mlp,joint_angle11,deer_horn,deer_horn,346,0.9105263157894737
mlp,joint_angle11,deer_horn,flower_pinch,8,0.021052631578947368
mlp,joint_angle11,deer_horn,orchid_finger,20,0.05263157894736842
mlp,joint_angle11,deer_horn,orchid_palm,6,0.015789473684210527
mlp,joint_angle11,deer_horn,prayer_beads,0,0.0
mlp,joint_angle11,deer_horn,three_finger_bent,0,0.0
mlp,joint_angle11,flower_pinch,deer_horn,19,0.05
mlp,joint_angle11,flower_pinch,flower_pinch,231,0.6078947368421053
mlp,joint_angle11,flower_pinch,orchid_finger,10,0.02631578947368421
mlp,joint_angle11,flower_pinch,orchid_palm,89,0.23421052631578948
mlp,joint_angle11,flower_pinch,prayer_beads,11,0.02894736842105263
mlp,joint_angle11,flower_pinch,three_finger_bent,20,0.05263157894736842
mlp,joint_angle11,orchid_finger,deer_horn,43,0.11944444444444445
mlp,joint_angle11,orchid_finger,flower_pinch,5,0.013888888888888888
mlp,joint_angle11,orchid_finger,orchid_finger,310,0.8611111111111112
mlp,joint_angle11,orchid_finger,orchid_palm,1,0.002777777777777778
mlp,joint_angle11,orchid_finger,prayer_beads,0,0.0
mlp,joint_angle11,orchid_finger,three_finger_bent,1,0.002777777777777778
mlp,joint_angle11,orchid_palm,deer_horn,0,0.0
mlp,joint_angle11,orchid_palm,flower_pinch,62,0.1409090909090909
mlp,joint_angle11,orchid_palm,orchid_finger,32,0.07272727272727272
mlp,joint_angle11,orchid_palm,orchid_palm,317,0.7204545454545455
mlp,joint_angle11,orchid_palm,prayer_beads,28,0.06363636363636363
mlp,joint_angle11,orchid_palm,three_finger_bent,1,0.0022727272727272726
mlp,joint_angle11,prayer_beads,deer_horn,0,0.0
mlp,joint_angle11,prayer_beads,flower_pinch,7,0.018421052631578946
mlp,joint_angle11,prayer_beads,orchid_finger,0,0.0
mlp,joint_angle11,prayer_beads,orchid_palm,42,0.11052631578947368
mlp,joint_angle11,prayer_beads,prayer_beads,330,0.868421052631579
mlp,joint_angle11,prayer_beads,three_finger_bent,1,0.002631578947368421
mlp,joint_angle11,three_finger_bent,deer_horn,0,0.0
mlp,joint_angle11,three_finger_bent,flower_pinch,53,0.14722222222222223
mlp,joint_angle11,three_finger_bent,orchid_finger,0,0.0
mlp,joint_angle11,three_finger_bent,orchid_palm,10,0.027777777777777776
mlp,joint_angle11,three_finger_bent,prayer_beads,0,0.0
mlp,joint_angle11,three_finger_bent,three_finger_bent,297,0.825
svm,compact_optimized_action7,deer_horn,deer_horn,328,0.8631578947368421
svm,compact_optimized_action7,deer_horn,flower_pinch,11,0.02894736842105263
svm,compact_optimized_action7,deer_horn,orchid_finger,37,0.09736842105263158
svm,compact_optimized_action7,deer_horn,orchid_palm,4,0.010526315789473684
svm,compact_optimized_action7,deer_horn,prayer_beads,0,0.0
svm,compact_optimized_action7,deer_horn,three_finger_bent,0,0.0
svm,compact_optimized_action7,flower_pinch,deer_horn,4,0.010526315789473684
svm,compact_optimized_action7,flower_pinch,flower_pinch,292,0.7684210526315789
svm,compact_optimized_action7,flower_pinch,orchid_finger,4,0.010526315789473684
svm,compact_optimized_action7,flower_pinch,orchid_palm,63,0.16578947368421051
svm,compact_optimized_action7,flower_pinch,prayer_beads,0,0.0
svm,compact_optimized_action7,flower_pinch,three_finger_bent,17,0.04473684210526316
svm,compact_optimized_action7,orchid_finger,deer_horn,27,0.075
svm,compact_optimized_action7,orchid_finger,flower_pinch,7,0.019444444444444445
svm,compact_optimized_action7,orchid_finger,orchid_finger,322,0.8944444444444445
svm,compact_optimized_action7,orchid_finger,orchid_palm,4,0.011111111111111112
svm,compact_optimized_action7,orchid_finger,prayer_beads,0,0.0
svm,compact_optimized_action7,orchid_finger,three_finger_bent,0,0.0
svm,compact_optimized_action7,orchid_palm,deer_horn,0,0.0
svm,compact_optimized_action7,orchid_palm,flower_pinch,50,0.11363636363636363
svm,compact_optimized_action7,orchid_palm,orchid_finger,34,0.07727272727272727
svm,compact_optimized_action7,orchid_palm,orchid_palm,353,0.8022727272727272
svm,compact_optimized_action7,orchid_palm,prayer_beads,1,0.0022727272727272726
svm,compact_optimized_action7,orchid_palm,three_finger_bent,2,0.004545454545454545
svm,compact_optimized_action7,prayer_beads,deer_horn,0,0.0
svm,compact_optimized_action7,prayer_beads,flower_pinch,5,0.013157894736842105
svm,compact_optimized_action7,prayer_beads,orchid_finger,2,0.005263157894736842
svm,compact_optimized_action7,prayer_beads,orchid_palm,43,0.11315789473684211
svm,compact_optimized_action7,prayer_beads,prayer_beads,330,0.868421052631579
svm,compact_optimized_action7,prayer_beads,three_finger_bent,0,0.0
svm,compact_optimized_action7,three_finger_bent,deer_horn,0,0.0
svm,compact_optimized_action7,three_finger_bent,flower_pinch,42,0.11666666666666667
svm,compact_optimized_action7,three_finger_bent,orchid_finger,1,0.002777777777777778
svm,compact_optimized_action7,three_finger_bent,orchid_palm,9,0.025
svm,compact_optimized_action7,three_finger_bent,prayer_beads,1,0.002777777777777778
svm,compact_optimized_action7,three_finger_bent,three_finger_bent,307,0.8527777777777777
knn,compact_optimized_action7,deer_horn,deer_horn,348,0.9157894736842105
knn,compact_optimized_action7,deer_horn,flower_pinch,10,0.02631578947368421
knn,compact_optimized_action7,deer_horn,orchid_finger,17,0.04473684210526316
knn,compact_optimized_action7,deer_horn,orchid_palm,5,0.013157894736842105
knn,compact_optimized_action7,deer_horn,prayer_beads,0,0.0
knn,compact_optimized_action7,deer_horn,three_finger_bent,0,0.0
knn,compact_optimized_action7,flower_pinch,deer_horn,3,0.007894736842105263
knn,compact_optimized_action7,flower_pinch,flower_pinch,249,0.6552631578947369
knn,compact_optimized_action7,flower_pinch,orchid_finger,0,0.0
knn,compact_optimized_action7,flower_pinch,orchid_palm,106,0.2789473684210526
knn,compact_optimized_action7,flower_pinch,prayer_beads,0,0.0
knn,compact_optimized_action7,flower_pinch,three_finger_bent,22,0.05789473684210526
knn,compact_optimized_action7,orchid_finger,deer_horn,68,0.18888888888888888
knn,compact_optimized_action7,orchid_finger,flower_pinch,9,0.025
knn,compact_optimized_action7,orchid_finger,orchid_finger,275,0.7638888888888888
knn,compact_optimized_action7,orchid_finger,orchid_palm,8,0.022222222222222223
knn,compact_optimized_action7,orchid_finger,prayer_beads,0,0.0
knn,compact_optimized_action7,orchid_finger,three_finger_bent,0,0.0
knn,compact_optimized_action7,orchid_palm,deer_horn,0,0.0
knn,compact_optimized_action7,orchid_palm,flower_pinch,82,0.18636363636363637
knn,compact_optimized_action7,orchid_palm,orchid_finger,22,0.05
knn,compact_optimized_action7,orchid_palm,orchid_palm,334,0.759090909090909
knn,compact_optimized_action7,orchid_palm,prayer_beads,1,0.0022727272727272726
knn,compact_optimized_action7,orchid_palm,three_finger_bent,1,0.0022727272727272726
knn,compact_optimized_action7,prayer_beads,deer_horn,0,0.0
knn,compact_optimized_action7,prayer_beads,flower_pinch,11,0.02894736842105263
knn,compact_optimized_action7,prayer_beads,orchid_finger,0,0.0
knn,compact_optimized_action7,prayer_beads,orchid_palm,45,0.11842105263157894
knn,compact_optimized_action7,prayer_beads,prayer_beads,324,0.8526315789473684
knn,compact_optimized_action7,prayer_beads,three_finger_bent,0,0.0
knn,compact_optimized_action7,three_finger_bent,deer_horn,0,0.0
knn,compact_optimized_action7,three_finger_bent,flower_pinch,25,0.06944444444444445
knn,compact_optimized_action7,three_finger_bent,orchid_finger,0,0.0
knn,compact_optimized_action7,three_finger_bent,orchid_palm,9,0.025
knn,compact_optimized_action7,three_finger_bent,prayer_beads,0,0.0
knn,compact_optimized_action7,three_finger_bent,three_finger_bent,326,0.9055555555555556
rf,compact_optimized_action7,deer_horn,deer_horn,333,0.8763157894736842
rf,compact_optimized_action7,deer_horn,flower_pinch,6,0.015789473684210527
rf,compact_optimized_action7,deer_horn,orchid_finger,35,0.09210526315789473
rf,compact_optimized_action7,deer_horn,orchid_palm,6,0.015789473684210527
rf,compact_optimized_action7,deer_horn,prayer_beads,0,0.0
rf,compact_optimized_action7,deer_horn,three_finger_bent,0,0.0
rf,compact_optimized_action7,flower_pinch,deer_horn,6,0.015789473684210527
rf,compact_optimized_action7,flower_pinch,flower_pinch,283,0.7447368421052631
rf,compact_optimized_action7,flower_pinch,orchid_finger,10,0.02631578947368421
rf,compact_optimized_action7,flower_pinch,orchid_palm,45,0.11842105263157894
rf,compact_optimized_action7,flower_pinch,prayer_beads,3,0.007894736842105263
rf,compact_optimized_action7,flower_pinch,three_finger_bent,33,0.0868421052631579
rf,compact_optimized_action7,orchid_finger,deer_horn,54,0.15
rf,compact_optimized_action7,orchid_finger,flower_pinch,14,0.03888888888888889
rf,compact_optimized_action7,orchid_finger,orchid_finger,291,0.8083333333333333
rf,compact_optimized_action7,orchid_finger,orchid_palm,1,0.002777777777777778
rf,compact_optimized_action7,orchid_finger,prayer_beads,0,0.0
rf,compact_optimized_action7,orchid_finger,three_finger_bent,0,0.0
rf,compact_optimized_action7,orchid_palm,deer_horn,1,0.0022727272727272726
rf,compact_optimized_action7,orchid_palm,flower_pinch,36,0.08181818181818182
rf,compact_optimized_action7,orchid_palm,orchid_finger,28,0.06363636363636363
rf,compact_optimized_action7,orchid_palm,orchid_palm,317,0.7204545454545455
rf,compact_optimized_action7,orchid_palm,prayer_beads,58,0.1318181818181818
rf,compact_optimized_action7,orchid_palm,three_finger_bent,0,0.0
rf,compact_optimized_action7,prayer_beads,deer_horn,0,0.0
rf,compact_optimized_action7,prayer_beads,flower_pinch,0,0.0
rf,compact_optimized_action7,prayer_beads,orchid_finger,0,0.0
rf,compact_optimized_action7,prayer_beads,orchid_palm,26,0.06842105263157895
rf,compact_optimized_action7,prayer_beads,prayer_beads,354,0.9315789473684211
rf,compact_optimized_action7,prayer_beads,three_finger_bent,0,0.0
rf,compact_optimized_action7,three_finger_bent,deer_horn,0,0.0
rf,compact_optimized_action7,three_finger_bent,flower_pinch,39,0.10833333333333334
rf,compact_optimized_action7,three_finger_bent,orchid_finger,0,0.0
rf,compact_optimized_action7,three_finger_bent,orchid_palm,4,0.011111111111111112
rf,compact_optimized_action7,three_finger_bent,prayer_beads,0,0.0
rf,compact_optimized_action7,three_finger_bent,three_finger_bent,317,0.8805555555555555
mlp,compact_optimized_action7,deer_horn,deer_horn,330,0.868421052631579
mlp,compact_optimized_action7,deer_horn,flower_pinch,7,0.018421052631578946
mlp,compact_optimized_action7,deer_horn,orchid_finger,35,0.09210526315789473
mlp,compact_optimized_action7,deer_horn,orchid_palm,8,0.021052631578947368
mlp,compact_optimized_action7,deer_horn,prayer_beads,0,0.0
mlp,compact_optimized_action7,deer_horn,three_finger_bent,0,0.0
mlp,compact_optimized_action7,flower_pinch,deer_horn,17,0.04473684210526316
mlp,compact_optimized_action7,flower_pinch,flower_pinch,203,0.5342105263157895
mlp,compact_optimized_action7,flower_pinch,orchid_finger,12,0.031578947368421054
mlp,compact_optimized_action7,flower_pinch,orchid_palm,93,0.24473684210526317
mlp,compact_optimized_action7,flower_pinch,prayer_beads,9,0.02368421052631579
mlp,compact_optimized_action7,flower_pinch,three_finger_bent,46,0.12105263157894737
mlp,compact_optimized_action7,orchid_finger,deer_horn,29,0.08055555555555556
mlp,compact_optimized_action7,orchid_finger,flower_pinch,0,0.0
mlp,compact_optimized_action7,orchid_finger,orchid_finger,325,0.9027777777777778
mlp,compact_optimized_action7,orchid_finger,orchid_palm,5,0.013888888888888888
mlp,compact_optimized_action7,orchid_finger,prayer_beads,0,0.0
mlp,compact_optimized_action7,orchid_finger,three_finger_bent,1,0.002777777777777778
mlp,compact_optimized_action7,orchid_palm,deer_horn,0,0.0
mlp,compact_optimized_action7,orchid_palm,flower_pinch,39,0.08863636363636364
mlp,compact_optimized_action7,orchid_palm,orchid_finger,27,0.06136363636363636
mlp,compact_optimized_action7,orchid_palm,orchid_palm,366,0.8318181818181818
mlp,compact_optimized_action7,orchid_palm,prayer_beads,8,0.01818181818181818
mlp,compact_optimized_action7,orchid_palm,three_finger_bent,0,0.0
mlp,compact_optimized_action7,prayer_beads,deer_horn,0,0.0
mlp,compact_optimized_action7,prayer_beads,flower_pinch,8,0.021052631578947368
mlp,compact_optimized_action7,prayer_beads,orchid_finger,0,0.0
mlp,compact_optimized_action7,prayer_beads,orchid_palm,47,0.12368421052631579
mlp,compact_optimized_action7,prayer_beads,prayer_beads,325,0.8552631578947368
mlp,compact_optimized_action7,prayer_beads,three_finger_bent,0,0.0
mlp,compact_optimized_action7,three_finger_bent,deer_horn,0,0.0
mlp,compact_optimized_action7,three_finger_bent,flower_pinch,27,0.075
mlp,compact_optimized_action7,three_finger_bent,orchid_finger,0,0.0
mlp,compact_optimized_action7,three_finger_bent,orchid_palm,5,0.013888888888888888
mlp,compact_optimized_action7,three_finger_bent,prayer_beads,4,0.011111111111111112
mlp,compact_optimized_action7,three_finger_bent,three_finger_bent,324,0.9
