shot,classifier,comparison,mean_difference,std_difference,ci95_difference,positive_repeats,equal_repeats,negative_repeats,wilcoxon_p
1,svm,optimized_action_minus_raw,0.26000000000000006,0.06407108528622138,0.028809873499610783,20,0,0,8.832385863081277e-05
1,svm,optimized_action_minus_raw_pca17,0.11478260869565216,0.09755421157795985,0.04386572324099055,18,0,2,0.0006335429507586299
1,svm,optimized_action_minus_corrected,0.0008695652173912827,0.04151206352097396,0.01866610021360541,9,2,9,0.8787508845357724
1,knn,optimized_action_minus_raw,0.26000000000000006,0.06407108528622138,0.028809873499610783,20,0,0,8.832385863081277e-05
1,knn,optimized_action_minus_raw_pca17,0.1152173913043478,0.09795161029004117,0.0440444154946464,18,0,2,0.0006335429507586299
1,knn,optimized_action_minus_corrected,0.0008695652173912827,0.04151206352097396,0.01866610021360541,9,2,9,0.8787508845357724
1,rf,optimized_action_minus_raw,0.24173913043478262,0.06475780091099433,0.029118658502885406,20,0,0,8.819870204194453e-05
1,rf,optimized_action_minus_raw_pca17,0.13565217391304346,0.05816344872414138,0.0261534761360437,19,1,0,0.00013121408685711018
1,rf,optimized_action_minus_corrected,-0.012173913043478257,0.052922170625053694,0.023796710079460767,8,2,10,0.3261670383022405
1,mlp,optimized_action_minus_raw,0.23347826086956527,0.07928198578694509,0.035649528505973804,20,0,0,8.832385863081277e-05
1,mlp,optimized_action_minus_raw_pca17,0.12956521739130433,0.10699186407949927,0.048109409351316336,18,0,2,0.00041783974185279543
1,mlp,optimized_action_minus_corrected,-0.010869565217391295,0.05681362758857382,0.025546522531479654,8,0,12,0.34013623264128223
3,svm,optimized_action_minus_raw,0.34043478260869564,0.0682636388250236,0.030695075483526818,20,0,0,8.844915021211901e-05
3,svm,optimized_action_minus_raw_pca17,0.10826086956521738,0.05433739030241633,0.02443307045476637,19,0,1,0.00010191616788965856
3,svm,optimized_action_minus_corrected,-0.02478260869565217,0.0327994421087692,0.014748427840579453,4,4,12,0.005579549551551822
3,knn,optimized_action_minus_raw,0.33304347826086955,0.060689173691875625,0.027289180588218484,20,0,0,8.769942375590214e-05
3,knn,optimized_action_minus_raw_pca17,0.0956521739130435,0.07480282840906632,0.03363545371911693,18,1,1,0.00017540920089045736
3,knn,optimized_action_minus_corrected,-0.006956521739130417,0.03178376849129926,0.014291725284262775,9,1,10,0.5590313176702397
3,rf,optimized_action_minus_raw,0.34956521739130436,0.06078254649496101,0.027331166120899524,20,0,0,8.832385863081277e-05
3,rf,optimized_action_minus_raw_pca17,0.09956521739130435,0.05088814227867499,0.0228820993920967,19,0,1,0.00011035111729996059
3,rf,optimized_action_minus_corrected,-0.006521739130434789,0.027342952493095873,0.01229489088428733,8,2,10,0.45764089795468743
3,mlp,optimized_action_minus_raw,0.32913043478260867,0.07461432025013305,0.03355069011337729,20,0,0,8.844915021211901e-05
3,mlp,optimized_action_minus_raw_pca17,0.08652173913043479,0.04386566535860931,0.01972440866753303,19,0,1,0.00011846034107215899
3,mlp,optimized_action_minus_corrected,-0.007826086956521738,0.030731473125343124,0.013818555581549116,5,4,11,0.26343947373338883
5,svm,optimized_action_minus_raw,0.3382608695652174,0.06263888161200695,0.02816587618794563,20,0,0,8.844915021211901e-05
5,svm,optimized_action_minus_raw_pca17,0.10565217391304349,0.06248024262386055,0.028094543399368895,19,0,1,0.00012957474661289524
5,svm,optimized_action_minus_corrected,-0.007391304347826089,0.02221649789746298,0.009989755771593313,4,4,12,0.11959544165920677
5,knn,optimized_action_minus_raw,0.3356521739130435,0.06224532232408099,0.02798891034993785,20,0,0,8.819870204194453e-05
5,knn,optimized_action_minus_raw_pca17,0.09608695652173913,0.05900722457449491,0.02653288402966868,19,0,1,0.00011878564293152229
5,knn,optimized_action_minus_corrected,-0.014782608695652172,0.03026036981096577,0.013606721696859515,5,1,14,0.07572350636712433
5,rf,optimized_action_minus_raw,0.32521739130434785,0.06138908728599231,0.027603900122265403,20,0,0,8.819870204194453e-05
5,rf,optimized_action_minus_raw_pca17,0.07478260869565219,0.05327816932883613,0.023956786619075788,18,1,1,0.0001813591537103979
5,rf,optimized_action_minus_corrected,-0.00695652173913045,0.027304901683665367,0.012277781153722389,7,3,10,0.25417199488029274
5,mlp,optimized_action_minus_raw,0.3195652173913044,0.06430521503369148,0.028915151073370875,20,0,0,1.9073486328125e-06
5,mlp,optimized_action_minus_raw_pca17,0.07608695652173914,0.04979162629548606,0.02238904567488788,18,1,1,0.00017945005317047125
5,mlp,optimized_action_minus_corrected,-0.011304347826086969,0.034575470177514854,0.015547027454800813,6,2,12,0.2462699162199855
10,svm,optimized_action_minus_raw,0.2547826086956521,0.058013752362159755,0.026086164442589835,20,0,0,8.832385863081277e-05
10,svm,optimized_action_minus_raw_pca17,0.03043478260869565,0.03922693415179115,0.017638580736413723,15,1,4,0.0039775007044175305
10,svm,optimized_action_minus_corrected,-0.015217391304347832,0.012259019286844933,0.005512327336200805,0,3,17,0.0002658608047804708
10,knn,optimized_action_minus_raw,0.32782608695652177,0.06366856524516688,0.02862887841560318,20,0,0,8.782404130245518e-05
10,knn,optimized_action_minus_raw_pca17,0.03434782608695653,0.05398837654081005,0.02427613472819671,14,0,6,0.024853212951609176
10,knn,optimized_action_minus_corrected,-0.023043478260869547,0.029523628037156455,0.013275442193624849,4,1,15,0.00824784445570019
10,rf,optimized_action_minus_raw,0.22000000000000003,0.04162121023921501,0.01871517856355648,20,0,0,8.794879347050151e-05
10,rf,optimized_action_minus_raw_pca17,0.013913043478260884,0.03493445117669681,0.015708444997971725,12,2,6,0.0810723774932934
10,rf,optimized_action_minus_corrected,-0.0034782608695652028,0.0232354595058911,0.010447936788952904,10,0,10,0.679869611003123
10,mlp,optimized_action_minus_raw,0.2573913043478261,0.07562718227881354,0.03400612842519124,20,0,0,8.807368035275503e-05
10,mlp,optimized_action_minus_raw_pca17,0.016956521739130433,0.038347234541429784,0.01724301955028819,12,4,4,0.07380170093045044
10,mlp,optimized_action_minus_corrected,-0.011739130434782613,0.031143912554863,0.01400401096657401,6,2,12,0.09630929036937573
20,svm,optimized_action_minus_raw,0.15521739130434783,0.0432406550980455,0.019443369779829432,20,0,0,8.807368035275503e-05
20,svm,optimized_action_minus_raw_pca17,0.012608695652173919,0.024203766364724818,0.010883340653070128,12,3,5,0.032564536909434845
20,svm,optimized_action_minus_corrected,-0.009999999999999998,0.01988150150464988,0.008939813345950343,6,0,14,0.04898401542267721
20,knn,optimized_action_minus_raw,0.2891304347826087,0.05681362758857383,0.025546522531479657,20,0,0,8.819870204194453e-05
20,knn,optimized_action_minus_raw_pca17,0.011739130434782608,0.03681815529798193,0.016555461670195795,9,2,9,0.30529900216678485
20,knn,optimized_action_minus_corrected,-0.012173913043478262,0.027277195028448917,0.012265322722148812,7,3,10,0.06400254127411312
20,rf,optimized_action_minus_raw,0.1408695652173913,0.048850684887610935,0.02196594681819881,20,0,0,8.769942375590214e-05
20,rf,optimized_action_minus_raw_pca17,0.005217391304347829,0.025559892968172303,0.011493129541774668,9,5,6,0.2795593530933158
20,rf,optimized_action_minus_corrected,-0.00043478260869564964,0.01518007847834443,0.00682579573487133,8,2,10,0.9823748120164791
20,mlp,optimized_action_minus_raw,0.15565217391304348,0.05231141301806969,0.02352207996639917,20,0,0,8.769942375590214e-05
20,mlp,optimized_action_minus_raw_pca17,0.009130434782608698,0.03235846015015585,0.014550138169247889,11,2,7,0.2376946288760513
20,mlp,optimized_action_minus_corrected,-0.013913043478260861,0.02083330182732339,0.00936779496621813,3,3,14,0.015302616015355808
40,svm,optimized_action_minus_raw,0.0891304347826087,0.038189162052847885,0.017171941490981578,20,0,0,8.782404130245518e-05
40,svm,optimized_action_minus_raw_pca17,0.007391304347826089,0.02288708206652497,0.010291287187757294,10,5,5,0.22918670928844032
40,svm,optimized_action_minus_corrected,0.0008695652173913049,0.013994327773418339,0.006292617193281346,8,7,5,0.833130351849394
40,knn,optimized_action_minus_raw,0.24695652173913038,0.0511789181549988,0.023012848171771714,20,0,0,8.782404130245518e-05
40,knn,optimized_action_minus_raw_pca17,0.011739130434782596,0.02780909807469108,0.012504495500444012,12,3,5,0.08141291580222647
40,knn,optimized_action_minus_corrected,-0.009130434782608703,0.01854336357577052,0.008338113151801513,5,2,13,0.030447065706206995
40,rf,optimized_action_minus_raw,0.08521739130434783,0.03385725623292486,0.015224079079619413,20,0,0,8.757494073814436e-05
40,rf,optimized_action_minus_raw_pca17,-0.010000000000000009,0.027398204789892466,0.012319735346873875,4,2,14,0.13732444803942337
40,rf,optimized_action_minus_corrected,-0.005217391304347824,0.011470353007193852,0.005157699727683574,4,5,11,0.10199463147479323
40,mlp,optimized_action_minus_raw,0.07652173913043477,0.030447202434802784,0.013690731890136237,20,0,0,8.596886147715013e-05
40,mlp,optimized_action_minus_raw_pca17,0.008695652173913049,0.02428563485872861,0.010920153217510333,11,4,5,0.1256301388479374
40,mlp,optimized_action_minus_corrected,-0.0017391304347826153,0.013072431633367755,0.005878082133417947,6,4,10,0.5474899341491625
